{
  "authority": {
    "zip": "submission_base_8012.15.zip",
    "sha256": "1dce2bc9bd65497daf59575512972309a3d71b87ee406a97c21fe2ee16010231",
    "lb": 8012.15
  },
  "authority_diff": {
    "old": "submission_base_8011.05.zip",
    "new": "submission_base_8012.15.zip",
    "changed_all": [
      23,
      46,
      54,
      69,
      77,
      96,
      107,
      117,
      125,
      131,
      133,
      138,
      145,
      156,
      157,
      158,
      165,
      182,
      187,
      191,
      201,
      204,
      209,
      270,
      285,
      310,
      330,
      354,
      361,
      367,
      370,
      378,
      396
    ],
    "changed_cost_le166_non_score25": [],
    "scope_byte_identical": true
  },
  "task": 175,
  "source": "scripts/golf/cost101_250_half_307/policy95_history_candidates/task175_cost145_40a940588083_POLICY95.onnx",
  "source_sha256": "40a9405880836a60f100e0072b476e4383c12c7ee053eb12ada1f049ee2e8d7c",
  "saved_candidate": "scripts/golf/restart8012_low_3w_405/candidates/task175_policy95_cost145.onnx",
  "authority_cost": 166,
  "candidate_profile": {
    "memory": 0,
    "params": 145,
    "cost": 145,
    "score": 20.023266257579426,
    "correct": null
  },
  "score_gain": 0.1352540459359689,
  "half_target_met": false,
  "known_counts": {
    "raw": {
      "train": 3,
      "test": 1,
      "arc-gen": 262
    },
    "converted": {
      "train": 3,
      "test": 1,
      "arc-gen": 262
    },
    "raw_total": 266,
    "converted_total": 266,
    "all_cases_convertible": true
  },
  "known_four": {
    "disable_threads1": {
      "total": 266,
      "right": 262,
      "wrong": 4,
      "accuracy": 0.9849624060150376,
      "errors": 0,
      "nonfinite_cases": 0,
      "nonfinite_elements": 0,
      "runtime_shape_mismatches": 0,
      "small_positive_elements_0_to_0_25": 0,
      "minimum_positive": 93.67971801757812,
      "maximum_nonpositive": 0.0,
      "sign_mismatch_cases_vs_disable_threads1": 0,
      "sign_mismatch_cells_vs_disable_threads1": 0,
      "sign_sha256": "e9dcac82f413cb2a86b59e4906d620c863f03e9f8165999a2fb18aac9246d4c0",
      "raw_sha256": "7a381447a8e0ba7e56d61489d58ffbf411b69d574e600887805db46d09d9753f",
      "first_wrong": {
        "case": 0,
        "different_cells": 20
      },
      "first_error": null,
      "optimization": "ORT_DISABLE_ALL",
      "threads": 1,
      "pass": true
    },
    "disable_threads4": {
      "total": 266,
      "right": 262,
      "wrong": 4,
      "accuracy": 0.9849624060150376,
      "errors": 0,
      "nonfinite_cases": 0,
      "nonfinite_elements": 0,
      "runtime_shape_mismatches": 0,
      "small_positive_elements_0_to_0_25": 0,
      "minimum_positive": 93.67971801757812,
      "maximum_nonpositive": 0.0,
      "sign_mismatch_cases_vs_disable_threads1": 0,
      "sign_mismatch_cells_vs_disable_threads1": 0,
      "sign_sha256": "e9dcac82f413cb2a86b59e4906d620c863f03e9f8165999a2fb18aac9246d4c0",
      "raw_sha256": "7a381447a8e0ba7e56d61489d58ffbf411b69d574e600887805db46d09d9753f",
      "first_wrong": {
        "case": 0,
        "different_cells": 20
      },
      "first_error": null,
      "optimization": "ORT_DISABLE_ALL",
      "threads": 4,
      "pass": true
    },
    "default_threads1": {
      "total": 266,
      "right": 262,
      "wrong": 4,
      "accuracy": 0.9849624060150376,
      "errors": 0,
      "nonfinite_cases": 0,
      "nonfinite_elements": 0,
      "runtime_shape_mismatches": 0,
      "small_positive_elements_0_to_0_25": 0,
      "minimum_positive": 93.67971801757812,
      "maximum_nonpositive": 0.0,
      "sign_mismatch_cases_vs_disable_threads1": 0,
      "sign_mismatch_cells_vs_disable_threads1": 0,
      "sign_sha256": "e9dcac82f413cb2a86b59e4906d620c863f03e9f8165999a2fb18aac9246d4c0",
      "raw_sha256": "7a381447a8e0ba7e56d61489d58ffbf411b69d574e600887805db46d09d9753f",
      "first_wrong": {
        "case": 0,
        "different_cells": 20
      },
      "first_error": null,
      "optimization": "ORT_ENABLE_ALL",
      "threads": 1,
      "pass": true
    },
    "default_threads4": {
      "total": 266,
      "right": 262,
      "wrong": 4,
      "accuracy": 0.9849624060150376,
      "errors": 0,
      "nonfinite_cases": 0,
      "nonfinite_elements": 0,
      "runtime_shape_mismatches": 0,
      "small_positive_elements_0_to_0_25": 0,
      "minimum_positive": 93.67971801757812,
      "maximum_nonpositive": 0.0,
      "sign_mismatch_cases_vs_disable_threads1": 0,
      "sign_mismatch_cells_vs_disable_threads1": 0,
      "sign_sha256": "e9dcac82f413cb2a86b59e4906d620c863f03e9f8165999a2fb18aac9246d4c0",
      "raw_sha256": "7a381447a8e0ba7e56d61489d58ffbf411b69d574e600887805db46d09d9753f",
      "first_wrong": {
        "case": 0,
        "different_cells": 20
      },
      "first_error": null,
      "optimization": "ORT_ENABLE_ALL",
      "threads": 4,
      "pass": true
    }
  },
  "fresh": [
    {
      "seed": 405200175,
      "generation": {
        "task": 175,
        "seed": 405200175,
        "module": "task_73251a56",
        "requested": 2000,
        "accepted": 2000,
        "attempts": 2000,
        "generation_errors": 0,
        "conversion_skips": 0,
        "unique_case_ids": 2000,
        "case_stream_sha256": "62638a1d80f397e8dcce1628b0f9cb735ae55c75eba765301dadc2bf603bc28f"
      },
      "runtime": {
        "disable_threads1": {
          "total": 2000,
          "right": 2000,
          "wrong": 0,
          "accuracy": 1.0,
          "errors": 0,
          "nonfinite_cases": 0,
          "nonfinite_elements": 0,
          "runtime_shape_mismatches": 0,
          "small_positive_elements_0_to_0_25": 0,
          "minimum_positive": 96.21124267578125,
          "maximum_nonpositive": 0.0,
          "sign_mismatch_cases_vs_disable_threads1": 0,
          "sign_mismatch_cells_vs_disable_threads1": 0,
          "sign_sha256": "ac431ddddf72ed12d66d892984a78beec2c1190008efbd481c3382baa3876584",
          "raw_sha256": "0a7aae0ef8f0f8c43b0654094e357e27b3d0d09b1d7a98b2d68888c61736e1c9",
          "first_wrong": null,
          "first_error": null,
          "optimization": "ORT_DISABLE_ALL",
          "threads": 1,
          "pass": true
        },
        "disable_threads4": {
          "total": 2000,
          "right": 2000,
          "wrong": 0,
          "accuracy": 1.0,
          "errors": 0,
          "nonfinite_cases": 0,
          "nonfinite_elements": 0,
          "runtime_shape_mismatches": 0,
          "small_positive_elements_0_to_0_25": 0,
          "minimum_positive": 96.21124267578125,
          "maximum_nonpositive": 0.0,
          "sign_mismatch_cases_vs_disable_threads1": 0,
          "sign_mismatch_cells_vs_disable_threads1": 0,
          "sign_sha256": "ac431ddddf72ed12d66d892984a78beec2c1190008efbd481c3382baa3876584",
          "raw_sha256": "0a7aae0ef8f0f8c43b0654094e357e27b3d0d09b1d7a98b2d68888c61736e1c9",
          "first_wrong": null,
          "first_error": null,
          "optimization": "ORT_DISABLE_ALL",
          "threads": 4,
          "pass": true
        },
        "default_threads1": {
          "total": 2000,
          "right": 2000,
          "wrong": 0,
          "accuracy": 1.0,
          "errors": 0,
          "nonfinite_cases": 0,
          "nonfinite_elements": 0,
          "runtime_shape_mismatches": 0,
          "small_positive_elements_0_to_0_25": 0,
          "minimum_positive": 96.21124267578125,
          "maximum_nonpositive": 0.0,
          "sign_mismatch_cases_vs_disable_threads1": 0,
          "sign_mismatch_cells_vs_disable_threads1": 0,
          "sign_sha256": "ac431ddddf72ed12d66d892984a78beec2c1190008efbd481c3382baa3876584",
          "raw_sha256": "0a7aae0ef8f0f8c43b0654094e357e27b3d0d09b1d7a98b2d68888c61736e1c9",
          "first_wrong": null,
          "first_error": null,
          "optimization": "ORT_ENABLE_ALL",
          "threads": 1,
          "pass": true
        },