{
  "lane": "agent_task226_regolf_187",
  "task": 226,
  "verdict": "SAFE_PRIVATE_ZERO",
  "winner": {
    "path": "scripts/golf/loop_8004_42_plus20/agent_task226_regolf_187/candidates/task226_greater_cost370.onnx",
    "sha256": "aebca4b2e7c3ce5cb5663a6f8b88e428e9bcf53b3e9f1161728c7dd9c502389f",
    "cost": {
      "memory": 331,
      "params": 39,
      "cost": 370
    },
    "strict_lower": true,
    "score_gain": 0.005390848634876373
  },
  "authority_cost": 372,
  "winner_cost": 370,
  "score_gain": 0.005390848634876373,
  "root_modified": false
}
