{
  "task": 12,
  "dataset": "domain",
  "kh": 8,
  "kw": 8,
  "pad_top": 3,
  "pad_left": 3,
  "source": "scripts/golf/loop_8004_42_plus20/agent_high47/candidates/task012_history_r01_static500_a3640a1525.onnx",
  "source_sha256": "a3640a15252636a0bc7e3ed3e56353e3d1693c09d3fcadaf4a899c9490531894",
  "solver": {
    "success": true,
    "status": 0,
    "message": "Optimization terminated successfully. (HiGHS Status 7: Optimal)",
    "state_count": 196,
    "constraint_count": 29066,
    "best_exact_cases": 186,
    "mip_gap": 0.0,
    "mip_dual_bound": -186.0000000000001
  },
  "foreground": [
    -19.31570762047469,
    -19.315707620415424,
    -4.5241057543696215,
    9.133748055917634,
    -5.810264385715673,
    -19.3157076204483,
    -18.029548989115984,
    10.133748055972646,
    -21.181959564499525,
    36.97356143082931,
    23.315707620495644,
    -57.765163296987325,
    23.31570762052831,
    36.97356143082931,
    -28.163297045049397,
    10.133748055965551,
    -5.810264385742855,
    23.315707620578177,
    36.97356143082931,
    -12.419906687373473,
    36.97356143082931,
    28.839813374795828,
    -17.419906687381893,
    10.133748055926315,
    13.133748055986455,
    -56.47900466560063,
    -10.895800933143278,
    100.0,
    -16.41990668740307,
    -34.687402799419104,
    8.895800933091426,
    -0.6096423017340982,
    -16.553654743259735,
    19.315707620558385,
    36.97356143082931,
    -18.553654743388794,
    36.97356143082931,
    34.973561430819814,
    -17.41990668738162,
    7.637712176000443e-12,
    -19.315707620482517,
    47.71695178832703,
    34.973561430837165,
    -100.0,
    34.973561430801354,
    36.97356143082931,
    -22.029548989152005,
    10.133748055965286,
    -18.0295489890358,
    -29.68740279928326,
    -29.687402799296695,
    4.89580093302788,
    -8.762052877258208,
    -24.601866251906795,
    -9.981337480645655,
    11.65785381025113,
    11.657853810261962,
    11.657853810296984,
    11.657853810280443,
    11.657853810270193,
    6.57231726290922,
    3.6096423019174075,
    11.657853810281194,
    -5.066169705969514e-12,
    -35.97356143082931
  ],
  "model": "/private/tmp/task012_h8w8_pt3pl3.onnx",
  "model_sha256": "9aea31a6c01f7af21d893f6e5dde16dc947cdb17088686654f3f568845fbb947"
}
