{
  "task": 12,
  "dataset": "known",
  "kh": 7,
  "kw": 9,
  "pad_top": 3,
  "pad_left": 5,
  "source": "scripts/golf/loop_8004_42_plus20/agent_high47/candidates/task012_history_r01_static500_a3640a1525.onnx",
  "source_sha256": "a3640a15252636a0bc7e3ed3e56353e3d1693c09d3fcadaf4a899c9490531894",
  "solver": {
    "success": true,
    "status": 0,
    "message": "Optimization terminated successfully. (HiGHS Status 7: Optimal)",
    "state_count": 265,
    "constraint_count": 41766,
    "best_exact_cases": 235,
    "mip_gap": 0.0,
    "mip_dual_bound": -235.000000000002
  },
  "foreground": [
    -3.7161614976999005,
    1.1391585765031356,
    -52.2297108413247,
    -88.99242867329642,
    -29.751782652759367,
    22.742749757540533,
    -88.99242867330321,
    -88.99242867321101,
    -82.8399222071688,
    -1.139158576460744,
    1.1391585764854,
    -39.48143973339862,
    76.24726620511582,
    74.24726620561938,
    -100.0,
    74.24726620545417,
    100.0,
    -84.56592004976386,
    -3.638831458374625e-10,
    -22.327834432655678,
    -2.4139641827113465,
    74.24726620510432,
    76.24726620511582,
    -35.48791222592696,
    79.96342770276395,
    72.12792801071738,
    -7.424899362165746,
    -3.716161497615957,
    1.139158576487631,
    50.08056822748582,
    -100.0,
    -38.75935397971866,
    100.0,
    -38.34875364930028,
    -100.0,
    24.16669797763137,
    -1.1391585763716847,
    -22.327834432658975,
    -2.4139641826343876,
    73.5187079594131,
    76.24726620511582,
    -34.75935397965273,
    79.96342770281572,
    73.1081076286356,
    -82.83992220716877,
    -3.665405756692053e-10,
    1.1391585764838972,
    -36.75935397955179,
    76.24726620511582,
    74.24726620507559,
    -100.0,
    74.24726620538914,
    98.57510063777248,
    -87.53962717585088,
    4.665423603000818e-11,
    1.7087378645426519,
    -25.17668201503898,
    -59.502103737431696,
    -0.990015962656372,
    51.50451644760704,
    -27.034011892982605,
    -59.502103737665536,
    -6.00000000048027,
    -75.24726620511582
  ]
}
