{
  "task": 12,
  "dataset": "domain",
  "kh": 7,
  "kw": 9,
  "pad_top": 3,
  "pad_left": 3,
  "source": "scripts/golf/loop_8004_42_plus20/agent_high47/candidates/task012_history_r01_static500_a3640a1525.onnx",
  "source_sha256": "a3640a15252636a0bc7e3ed3e56353e3d1693c09d3fcadaf4a899c9490531894",
  "solver": {
    "success": true,
    "status": 0,
    "message": "Optimization terminated successfully. (HiGHS Status 7: Optimal)",
    "state_count": 196,
    "constraint_count": 28625,
    "best_exact_cases": 176,
    "mip_gap": 0.0,
    "mip_dual_bound": -176.00000000000156
  },
  "foreground": [
    -4.155792277860774,
    -12.82157123999041,
    -6.821571239554368,
    4.711051930954005,
    -5.688415446533435,
    -6.821571239526742,
    -4.422103862152159,
    1.8668442078849967,
    -0.8668442077312353,
    -4.688415445794368,
    13.555259654855291,
    11.555259655148523,
    -16.711051931900435,
    5.5552596549165525,
    13.555259654829797,
    -7.821571238724684,
    1.866844207938598,
    1.6999912588744337e-10,
    -4.688415445736503,
    5.954727031595809,
    14.55525965457946,
    -3.977363516143348,
    13.555259654829797,
    11.555259654903187,
    -6.288948069611402,
    4.882236837033815e-10,
    -0.9999999999612328,
    3.444740345543398,
    -14.110519308413389,
    -1.977363516083721,
    100.0,
    -1.577896138891865,
    -13.577896139167331,
    3.1105193068357395,
    1.8668442079143994,
    -0.8668442077005967,
    -4.555259653474769,
    9.688415447038807,
    14.422103862561032,
    -3.5778961388682617,
    13.555259654829797,
    5.155792277775853,
    -5.422103861213822,
    -1.0540368577949266e-10,
    -0.8668442077312353,
    -6.288948068704374,
    13.555259654715893,
    5.555259654923189,
    -19.977363517309595,
    11.555259654757455,
    13.555259654829797,
    -3.5552596534654857,
    0.8668442077768548,
    -0.8668442074591667,
    -4.288948069955046,
    -4.288948070008305,
    -1.1557922762351076,
    6.844207723571783,
    -1.155792275816399,
    -10.288948070248637,
    -4.288948070045936,
    0.866844207739982,
    3.5508129769823427e-10,
    -12.555259654829797
  ]
}
