{
  "task": 12,
  "dataset": "known",
  "kh": 7,
  "kw": 8,
  "pad_top": 3,
  "pad_left": 3,
  "source": "scripts/golf/loop_8004_42_plus20/agent_high47/candidates/task012_history_r01_static500_a3640a1525.onnx",
  "source_sha256": "a3640a15252636a0bc7e3ed3e56353e3d1693c09d3fcadaf4a899c9490531894",
  "solver": {
    "success": true,
    "status": 0,
    "message": "Optimization terminated successfully. (HiGHS Status 7: Optimal)",
    "state_count": 265,
    "constraint_count": 34845,
    "best_exact_cases": 235,
    "mip_gap": 0.0,
    "mip_dual_bound": -235.00000000001307
  },
  "foreground": [
    -92.20874547907113,
    -96.00000003438487,
    -96.00000003438487,
    51.256783435249304,
    -96.00000003438487,
    -96.00000003438485,
    -93.3526850878271,
    -1.3743317595071858e-10,
    -94.07499741511673,
    99.99999997914092,
    97.9999999914094,
    -100.0,
    97.99999999710134,
    99.99999998010298,
    -100.0,
    7.948273150759633e-09,
    -92.20874547907113,
    96.07499742889843,
    99.99999998236513,
    -47.25678343340699,
    99.99999998010298,
    97.9999999841343,
    -93.35268509577529,
    2.083986316847586e-09,
    50.534471072943546,
    -100.0,
    -50.342319765622506,
    100.0,
    -50.74321656772567,
    -100.0,
    47.46552890715944,
    7.948187885631341e-09,
    -92.20874547907113,
    97.08553632376234,
    99.9999999059094,
    -46.74321656369435,
    99.99999998010298,
    97.48643313560603,
    -93.35268509577529,
    -3.148530147711881e-08,
    -97.2192843638838,
    100.0,
    97.99999998579494,
    -100.0,
    97.99999998010298,
    99.99999998010298,
    -97.35268505981325,
    7.948273150759633e-09,
    -92.20874547907113,
    -100.00000001025006,
    -100.00000001025008,
    46.743216612284264,
    -100.00000001025008,
    -100.0,
    -93.3526850878271,
    1.5241057588246605,
    -98.99999998010298
  ],
  "model": "/Users/kimura2003/Downloads/projects/Kaggle/Neurogolf/scripts/golf/root_task012_sub710_retrain_250/task012_h7w8_known_opt_rejected.onnx",
  "model_sha256": "f2c3e3b947c414ef99c9629f0936ec525476ebc4fd69ae9300d133ba7d4d6cea"
}
