{
  "task": 12,
  "dataset": "domain",
  "kh": 7,
  "kw": 9,
  "pad_top": 3,
  "pad_left": 5,
  "source": "scripts/golf/loop_8004_42_plus20/agent_high47/candidates/task012_history_r01_static500_a3640a1525.onnx",
  "source_sha256": "a3640a15252636a0bc7e3ed3e56353e3d1693c09d3fcadaf4a899c9490531894",
  "solver": {
    "success": true,
    "status": 0,
    "message": "Optimization terminated successfully. (HiGHS Status 7: Optimal)",
    "state_count": 196,
    "constraint_count": 31024,
    "best_exact_cases": 176,
    "mip_gap": 0.0,
    "mip_dual_bound": -176.0000000000016
  },
  "foreground": [
    -1.0885869983212615e-10,
    1.117244075032886e-10,
    -4.592193055904195,
    -10.68011773046912,
    -3.214644346255927,
    4.8732803281191925,
    -4.828985044053475,
    -4.828985044137028,
    -4.828985044197006,
    -4.5863757236475067e-11,
    -0.5753326142601871,
    -3.3941427945736966,
    12.561721736266932,
    10.561721736371002,
    -17.272310786630626,
    4.710589050116314,
    14.412854422436043,
    -6.5549828866749555,
    5.559108728903084e-11,
    -1.7733828756771024,
    -4.514443246076291,
    2.8695246848159943,
    12.561721736266932,
    -3.0694261325208325,
    12.561721736314995,
    8.85298387210331,
    -4.710589050124499,
    0.07774981018099347,
    -0.07774980999235304,
    5.177753805441583,
    -100.0,
    0.19990144760076944,
    100.0,
    -1.6411629176975815,
    -13.411003236556262,
    5.383967930811943,
    0.07774981008447768,
    -1.7733828756771024,
    -5.0897758604822485,
    9.143526842596854,
    12.561721736266932,
    -3.414545793687274,
    12.561721736474567,
    5.1334585213225,
    -4.632839239779019,
    -1.4192076085756916e-11,
    -0.07774980988311775,
    -7.674617444083242,
    12.561721736266932,
    4.632839239757265,
    -16.69394169454297,
    10.483971926181573,
    14.335104611944034,
    -4.82898504439599,
    -5.3645199393770326e-11,
    1.708737864152584,
    -4.514443245818744,
    -4.514443245812491,
    -2.869524685025061,
    5.688441408152395,
    -4.514443245818744,
    -10.36557593215155,
    -4.013823964017275,
    -11.561721736266932
  ]
}
