{
  "task": 12,
  "dataset": "known",
  "kh": 7,
  "kw": 9,
  "pad_top": 3,
  "pad_left": 3,
  "source": "scripts/golf/loop_8004_42_plus20/agent_high47/candidates/task012_history_r01_static500_a3640a1525.onnx",
  "source_sha256": "a3640a15252636a0bc7e3ed3e56353e3d1693c09d3fcadaf4a899c9490531894",
  "solver": {
    "success": true,
    "status": 0,
    "message": "Optimization terminated successfully. (HiGHS Status 7: Optimal)",
    "state_count": 265,
    "constraint_count": 38747,
    "best_exact_cases": 235,
    "mip_gap": 0.0,
    "mip_dual_bound": -235.00000000024187
  },
  "foreground": [
    -8.022855621225641,
    -8.022855621225641,
    -3.788514843605422,
    4.272566749577026,
    -8.022855621225641,
    -8.022855621225753,
    -3.788514847321622,
    2.157888927193486,
    2.7082549536316947e-09,
    -14.137533434100739,
    16.083937200029602,
    8.022855602608331,
    -20.160389050536683,
    8.022855602609276,
    16.083937199766474,
    -2.2497110879768667,
    2.1578889378634862,
    2.1146778024107484,
    -8.022855645873285,
    7.842111088561826,
    16.083937199411903,
    3.7885148872063583,
    16.083937199766474,
    8.545133436690858,
    -6.234340785152621,
    -3.1698768054866377e-09,
    0.6598111952966921,
    6.33364825766016,
    -18.51439281222061,
    -8.387244511761004,
    100.0,
    -6.272566726740017,
    -18.843055836757145,
    7.750288942101146,
    2.157888927124918,
    0.7030223322432612,
    -8.02285564777231,
    11.926048271971549,
    16.083937195194892,
    -5.696692683478223,
    16.083937199766474,
    14.083937193587772,
    -5.574529630958258,
    -8.594794209670908e-09,
    9.519216526143737e-09,
    -12.39472982177635,
    16.08393720145387,
    11.969259393429649,
    -19.926048307836254,
    11.969259418611449,
    16.083937199766474,
    -13.615255645377896,
    2.157888927794925,
    2.114677837613968,
    -8.022855642234516,
    -8.022855617050462,
    -2.4304556247405014,
    5.86496669242924,
    -3.8853222545952555,
    -8.02285564223485,
    -4.448326013466449,
    0.7030222955369956,
    0.6598111977534398,
    -15.083937199766474
  ]
}
