{
  "task": 12,
  "dataset": "domain",
  "kh": 7,
  "kw": 9,
  "pad_top": 3,
  "pad_left": 4,
  "source": "scripts/golf/loop_8004_42_plus20/agent_high47/candidates/task012_history_r01_static500_a3640a1525.onnx",
  "source_sha256": "a3640a15252636a0bc7e3ed3e56353e3d1693c09d3fcadaf4a899c9490531894",
  "solver": {
    "success": true,
    "status": 0,
    "message": "Optimization terminated successfully. (HiGHS Status 7: Optimal)",
    "state_count": 196,
    "constraint_count": 29903,
    "best_exact_cases": 176,
    "mip_gap": 0.0,
    "mip_dual_bound": -176.0000000000049
  },
  "foreground": [
    19.389385182686496,
    -39.59999999861354,
    -77.78938518247611,
    -21.389385183432836,
    1.768155545647614,
    -21.389385180697147,
    -57.810614820648425,
    -55.28407777250099,
    18.21061482265799,
    1.972949803530355e-09,
    -60.98938518018325,
    99.99999999990028,
    97.99999999979498,
    -100.0,
    97.99999999951326,
    99.99999999795634,
    -73.78938518290471,
    7.275815505636274e-10,
    3.7628922200383386e-10,
    -60.98938517915478,
    79.78938517860863,
    99.99999999989937,
    -60.10530741011264,
    99.99999999965293,
    78.61061481824169,
    -55.284077772595296,
    0.2946925910126197,
    19.38938518026012,
    33.600000005249555,
    -100.0,
    -37.89469258985588,
    100.0,
    -37.89469258953484,
    -99.70530741516586,
    40.484077769692874,
    6.671001528957277e-10,
    19.389385182680606,
    -60.98938517937276,
    79.78938517776852,
    100.0,
    -41.89469259203701,
    99.99999999990028,
    60.39999999855827,
    -55.284077773294825,
    18.210614823067317,
    2.0549322243823553e-09,
    -80.37877036220192,
    99.99999999943272,
    79.78938518076433,
    -98.06284813427871,
    98.00000000014052,
    100.00000000025096,
    -73.49469259453844,
    18.210614820913605,
    19.389385183140973,
    -37.66284813518489,
    -40.18938518189243,
    -23.326537048248426,
    19.389385183533445,
    -37.662848134721955,
    -61.34692590852515,
    -17.326537052455407,
    6.167368837850518e-10,
    -98.99999999990028
  ],
  "model": "/Users/kimura2003/Downloads/projects/Kaggle/Neurogolf/scripts/golf/root_task012_sub710_retrain_250/task012_h7w9_domain_opt_rejected.onnx",
  "model_sha256": "9f681bb4b790b7d119b581479b7b90fca1511a3ee56df5051ba7b6a1d56d3305"
}
