{
  "task": 12,
  "dataset": "domain",
  "kh": 7,
  "kw": 8,
  "pad_top": 3,
  "pad_left": 3,
  "source": "scripts/golf/loop_8004_42_plus20/agent_high47/candidates/task012_history_r01_static500_a3640a1525.onnx",
  "source_sha256": "a3640a15252636a0bc7e3ed3e56353e3d1693c09d3fcadaf4a899c9490531894",
  "solver": {
    "success": true,
    "status": 0,
    "message": "Optimization terminated successfully. (HiGHS Status 7: Optimal)",
    "state_count": 196,
    "constraint_count": 25773,
    "best_exact_cases": 176,
    "mip_gap": 0.0,
    "mip_dual_bound": -176.0000000000045
  },
  "foreground": [
    -21.490549287044054,
    -50.96820780631977,
    -50.9682078061315,
    40.981098574068604,
    -49.43641629275605,
    -50.968207805791785,
    -49.82599865811987,
    22.022340800261773,
    -26.509549265037204,
    63.47164786103638,
    35.930404954513875,
    -36.525780855160896,
    35.93040495380627,
    63.47164786103399,
    -74.31300865744316,
    20.490549286687823,
    -0.9999999999349001,
    29.816547264491962,
    63.47164786103399,
    -2.936415611676793,
    63.47164786103399,
    50.51546137096711,
    -49.21292767653139,
    20.49054928700391,
    56.01890142594153,
    -90.41494358318093,
    -21.82943803331043,
    100.0,
    -22.03780285206191,
    -83.96219714871265,
    5.45274643508549,
    -0.6130709815884763,
    -21.490549287045305,
    28.80108657534298,
    63.47164786103399,
    -28.99398934264594,
    63.47164786103399,
    51.03179219408736,
    -37.528352138262875,
    -9.947598300641403e-12,
    -23.34834014028278,
    63.47164786101782,
    61.47164786137624,
    -100.0,
    61.471647861654475,
    63.47164786103399,
    -56.48453862915371,
    20.49054928692432,
    -21.490549287044274,
    -46.43384500956636,
    -6.452746435026917,
    20.49054928696112,
    -46.43384500969974,
    -46.43384500967744,
    -46.433845009676865,
    20.4905492869992,
    -62.47164786103399
  ],
  "model": "/Users/kimura2003/Downloads/projects/Kaggle/Neurogolf/scripts/golf/root_task012_sub710_retrain_250/task012_h7w8_domain_opt_rejected.onnx",
  "model_sha256": "bff976d4a52bc719f6f34431ced5d2412b150bcd40ce5625dacf6d9153b8ef71"
}
