{
  "task": 12,
  "dataset": "known",
  "kh": 7,
  "kw": 9,
  "pad_top": 3,
  "pad_left": 4,
  "source": "scripts/golf/loop_8004_42_plus20/agent_high47/candidates/task012_history_r01_static500_a3640a1525.onnx",
  "source_sha256": "a3640a15252636a0bc7e3ed3e56353e3d1693c09d3fcadaf4a899c9490531894",
  "solver": {
    "success": true,
    "status": 0,
    "message": "Optimization terminated successfully. (HiGHS Status 7: Optimal)",
    "state_count": 265,
    "constraint_count": 40355,
    "best_exact_cases": 235,
    "mip_gap": 0.0,
    "mip_dual_bound": -235.00000000000077
  },
  "foreground": [
    21.73360007910597,
    -46.67842323653504,
    -52.18543766049705,
    -52.18543766049861,
    51.617368108861584,
    -24.33921161824891,
    -52.18543766051653,
    -52.185437660500256,
    1.1736810907315416,
    21.733600079100796,
    -75.69833036962763,
    100.00000000001522,
    75.09271883037557,
    -100.0,
    75.09271883037977,
    99.43193044854225,
    -96.94842916410353,
    1.0658141036401503e-11,
    22.90728116971789,
    -46.67842323647809,
    96.72772179411035,
    99.43193044854225,
    -24.376753606100735,
    99.43193044854225,
    53.579826121317595,
    -75.95657972733757,
    -0.5680695515009404,
    21.73360007910273,
    51.6173681090919,
    -100.0,
    -50.01175656985359,
    100.0,
    -29.771142066839055,
    -100.0,
    45.81456233942145,
    -5.843503458891064e-11,
    -6.062028656828033e-11,
    -46.678423236462855,
    95.55404070333103,
    99.43193044854225,
    -27.278156490727053,
    99.43193044854225,
    54.753507212030854,
    -94.45544358808966,
    -0.5680695514576541,
    -2.155786660296144e-11,
    -49.73947836382399,
    100.0,
    77.994121715085,
    -81.50113613910482,
    77.99412171497625,
    99.43193044854225,
    -100.0,
    1.0658141036401503e-11,
    22.907281169775114,
    -24.94482315736704,
    -77.99412171493262,
    -72.11623196984058,
    22.907281169706657,
    -71.54816241829761,
    -77.99412171497463,
    -4.976486860451558,
    1.6399326341343112e-11,
    -98.43193044854225
  ],
  "model": "/Users/kimura2003/Downloads/projects/Kaggle/Neurogolf/scripts/golf/root_task012_sub710_retrain_250/task012_h7w9_known_opt_rejected.onnx",
  "model_sha256": "488ddd06c9fea1b11dd3801bebe9d9f133cb1b7320423d44f3eb5dcea68f52ea"
}
