{
  "task": 349,
  "source_sha256": "f7ec94cbd38b44979a254b26f7cf670dbada27fffd954bf7e12554a6aa08cd7c",
  "candidate_sha256": "179bbed5bd313a1f6ec62f573fd725ab71ff55a9509daaceff3f40274ac514c7",
  "baseline": {
    "memory": 3225,
    "params": 339,
    "cost": 3564,
    "score": 16.8213612114093,
    "correct": true
  },
  "candidate": {
    "memory": 3229,
    "params": 327,
    "cost": 3556,
    "score": 16.823608403366205,
    "correct": true
  },
  "cost_reduction": 8,
  "projected_gain": 0.0022471919569046644,
  "known_mask_equal": true,
  "margin_stable": true,
  "minimum_nonzero_abs": 2.0,
  "proof": {
    "inherits_prior_exact_proofs": true,
    "h_patch_sigs_index4": 214431744,
    "removed_scalar_signature": 214431744,
    "k6_index": 4,
    "gathered_boolean_equals_removed_equal": true,
    "all_input_equivalent": true
  }
}
