{
  "baseline": "submission_base_7999.13.zip",
  "projected_gain": 0.13932118720751505,
  "tasks": "54,80,89,125,138,145,182,209,233,340,349,361,367",
  "top_per_task": 64,
  "winners": [
    {
      "after": 1,
      "baseline_cost": 1361,
      "before": 2,
      "candidate_cost": 1184,
      "dimension_index": 3,
      "path": "scripts/golf/loop_7999_13/lane_vi_dimension_sound/task089_single_dimension.onnx",
      "projected_gain": 0.13932118720751505,
      "sha256": "36d0bb3602d0ff1a2f5333e4bc429cc0149a2d5c98407b8eb290afb1853cd630",
      "task": 89,
      "value_info_index": 51,
      "value_info_name": "grn_crop3"
    }
  ]
}
