{
  "correct": false,
  "wrong_signs": 15,
  "min_signed": -0.0157470703125,
  "max_unexpected": 1.1572265625,
  "max_abs": 568.0,
  "finite": true,
  "A": [
    [
      -0.45556640625,
      0.27294921875,
      -0.802734375,
      0.66357421875,
      0.99755859375
    ],
    [
      0.89013671875,
      0.9619140625,
      -0.5966796875,
      0.748046875,
      0.07122802734375
    ]
  ],
  "K": [
    [
      32.90625,
      -13.0703125,
      -15.6953125,
      -58.1875,
      -0.11773681640625,
      -0.38525390625,
      -0.05322265625,
      -1.2978515625,
      -0.07672119140625,
      -0.09552001953125
    ],
    [
      -17.875,
      -7.74609375,
      31.84375,
      19.6875,
      0.0025157928466796875,
      -0.261474609375,
      -0.0667724609375,
      -8.7421875,
      -0.385009765625,
      -0.2464599609375
    ],
    [
      7.4453125,
      -0.1756591796875,
      -46.3125,
      -22.234375,
      -0.1302490234375,
      -0.223388671875,
      -0.1451416015625,
      -0.84521484375,
      -0.1719970703125,
      -0.11834716796875
    ],
    [
      5.3515625,
      -5.5703125,
      -41.0,
      16.390625,
      -0.069091796875,
      -0.2440185546875,
      -0.05316162109375,
      0.73681640625,
      -0.2021484375,
      0.01496124267578125
    ],
    [
      -10.984375,
      3.111328125,
      -5.0078125,
      -35.65625,
      -0.2314453125,
      -0.0037975311279296875,
      -0.061614990234375,
      1.513671875,
      -0.256591796875,
      -0.1944580078125
    ]
  ],
  "step": 9500,
  "best_float_min_signed": -0.015785539824605076,
  "best_float_loss": 0.06304004289770494,
  "best_float_wrong": 15,
  "fp16_wrong": 15,
  "fp16_min_signed": -0.0157470703125,
  "rank": 5,
  "seed": 270198
}
