{
  "lane": "scripts/golf/restart8012_cost501_1000_3w_408",
  "authority_score": 8012.15,
  "authority": "submission_base_8012.15.zip",
  "authority_sha256": "1dce2bc9bd65497daf59575512972309a3d71b87ee406a97c21fe2ee16010231",
  "threshold": 0.9,
  "fresh_per_seed": 2000,
  "worker_partitions": [
    [
      34,
      378,
      237,
      238,
      46,
      131,
      382,
      370
    ],
    [
      363,
      368,
      19,
      165,
      107,
      12,
      280
    ],
    [
      284,
      69,
      328,
      117,
      364,
      201,
      330
    ]
  ],
  "worker_partition_sizes": [
    8,
    7,
    7
  ],
  "band_task_count": 31,
  "eligible_task_count": 22,
  "excluded_band_tasks": [
    35,
    66,
    277,
    198,
    361,
    251,
    157,
    182,
    319
  ],
  "explicit_latest_lb_black": [
    70,
    134,
    202,
    343
  ],
  "finalist_count": 1,
  "conditional_score_gain": 0.08829260714567821,
  "conditional_score": 8012.238292607145,
  "finalists": [
    {
      "task": 12,
      "authority_cost": 710,
      "candidate_cost": 650,
      "sha256": "9aea31a6c01f7af21d893f6e5dde16dc947cdb17088686654f3f568845fbb947",
      "file_sha256": "9aea31a6c01f7af21d893f6e5dde16dc947cdb17088686654f3f568845fbb947",
      "path": "scripts/golf/restart8012_cost501_1000_3w_408/candidates/task012_POLICY90_cost650_9aea31a6c01f.onnx",
      "score_gain": 0.08829260714567821,
      "known_accuracy_min": 0.9509433962264151,
      "fresh_accuracy_min": 0.9455,
      "hard_gates": {
        "runtime_errors": 0,
        "nonfinite": 0,
        "shape_mismatch": 0,
        "small_positive": 0,
        "ub": 0,
        "shape_cloak": 0
      }
    }
  ],
  "protected_writes": "lane only; no root submission/all_scores/others changes"
}
