{
  "282": {
    "bit_identical_known_disable_all": true,
    "score": {
      "memory": 27993,
      "params": 1,
      "cost": 27994,
      "score": 14.760254519519409,
      "correct": true
    },
    "candidate_sha256": "93d0cb4e9f3fad86e91162e67952489f0bf8bee6ccb235eecd08e6de74bf769f"
  },
  "283": {
    "bit_identical_known_disable_all": true,
    "score": {
      "memory": 30684,
      "params": 1,
      "cost": 30685,
      "score": 14.668470785176803,
      "correct": true
    },
    "candidate_sha256": "cc72e9906e91f5245705330446d771f5653ba2a9abd91d6a11f0d341a36d02fb"
  }
}
