{
  "base_cost": {
    "5": 2325,
    "297": 371,
    "308": 433
  },
  "candidates": {
    "task297_shared_c_scale": {
      "task": 297,
      "path": "scripts/golf/loop_8004_42_plus20/agent_high005_297_308_140/candidates/task297_shared_c_scale.onnx",
      "sha256": "e5b5bb4f9a083b5a88968a89da9c6cbd536272de84d1415250b9f9df9f58143f",
      "proof": {
        "removed_initializer": "q_scale",
        "old_q_scale": 0.0714285746216774,
        "shared_c_scale": 0.010526316240429878,
        "hash_coeff_before": [
          5,
          9
        ],
        "hash_coeff_after": [
          34,
          61
        ],
        "reachable_codes": [
          0,
          1,
          2,
          4,
          10,
          18,
          24,
          26,
          27,
          28
        ],
        "old_uint8_products": [
          [
            0,
            0
          ],
          [
            5,
            9
          ],
          [
            10,
            18
          ],
          [
            20,
            36
          ],
          [
            50,
            90
          ],
          [
            90,
            162
          ],
          [
            120,
            216
          ],
          [
            130,
            234
          ],
          [
            135,
            243
          ],
          [
            140,
            252
          ]
        ],
        "new_uint8_products": [
          [
            0,
            0
          ],
          [
            34,
            61
          ],
          [
            68,
            122
          ],
          [
            136,
            244
          ],
          [
            84,
            98
          ],
          [
            100,
            74
          ],
          [
            48,
            184
          ],
          [
            116,
            50
          ],
          [
            150,
            111
          ],
          [
            184,
            172
          ]
        ],
        "old_quantized_features": [
          [
            0,
            0
          ],
          [
            0,
            1
          ],
          [
            1,
            1
          ],
          [
            1,
            3
          ],
          [
            4,
            6
          ],
          [
            6,
            12
          ],
          [
            9,
            15
          ],
          [
            9,
            17
          ],
          [
            10,
            17
          ],
          [
            10,
            18
          ]
        ],
        "new_quantized_features": [
          [
            0,
            0
          ],
          [
            0,
            1
          ],
          [
            1,
            1
          ],
          [
            1,
            3
          ],
          [
            1,
            1
          ],
          [
            1,
            1
          ],
          [
            1,
            2
          ],
          [
            1,
            1
          ],
          [
            2,
            1
          ],
          [
            2,
            2
          ]
        ],
        "hypothesis_equivalent_over_reachable_codes": false,
        "rejection_proof": "The real-valued rescale identity is invalid in the ONNX graph because Mul is uint8: 34*v and 61*v wrap above 255. Quantized features diverge and known gold rejects the candidate."
      },
      "actual_cost": 370,
      "strictly_lower": true,
      "audit": {
        "label": "task297_shared_c_scale",
        "task": 297,
        "path": "scripts/golf/loop_8004_42_plus20/agent_high005_297_308_140/candidates/task297_shared_c_scale.onnx",
        "sha256": "e5b5bb4f9a083b5a88968a89da9c6cbd536272de84d1415250b9f9df9f58143f",
        "file_bytes": 2223,
        "nodes": 43,
        "initializers": 8,
        "params": 50,
        "op_histogram": {
          "Where": 18,
          "Concat": 14,
          "Cast": 5,
          "Conv": 1,
          "Sign": 1,
          "Split": 1,
          "Mul": 1,
          "QLinearMatMul": 1,
          "QLinearConv": 1
        },
        "max_node_inputs": 13,
        "lookup_red_flags": {
          "tfidf": 0,
          "hardmax": 0,
          "giant_einsum_nodes": 0,
          "params_over_10000": false
        },
        "nonstandard_domains": [],
        "banned_ops": [],
        "nested_graph_attributes": 0,
        "function_count": 0,
        "sparse_initializer_count": 0,
        "conv_bias_findings": [],
        "full_check": true,
        "strict_shape_data_prop": true,
        "runtime_shape_trace": {
          "runtime_tensors": 48,
          "declared_tensors": 1,
          "declared_actual_mismatches": [],
          "undeclared_intermediate_count": 47,
          "single_example_intermediate_bytes": 320
        },
        "official_like_score": {
          "memory": 320,
          "params": 50,
          "cost": 370,
          "score": 19.08649699436173,
          "correct": false
        },
        "known_disable_all": {
          "train": {
            "right": 0,
            "wrong": 3,
            "errors": 0
          },
          "test": {
            "right": 0,
            "wrong": 1,
            "errors": 0
          },
          "arc-gen": {
            "right": 1,
            "wrong": 260,
            "errors": 0
          },
          "total": {
            "right": 1,
            "wrong": 264,
            "errors": 0
          }
        },
        "known_default": {
          "train": {
            "right": 0,
            "wrong": 3,
            "errors": 0
          },
          "test": {
            "right": 0,
            "wrong": 1,
            "errors": 0
          },
          "arc-gen": {
            "right": 1,
            "wrong": 260,
            "errors": 0
          },
          "total": {
            "right": 1,
            "wrong": 264,
            "errors": 0
          }
        }
      }
    },
    "task308_bypass_constant_shape_copy": {
      "task": 308,
      "path": "scripts/golf/loop_8004_42_plus20/agent_high005_297_308_140/candidates/task308_bypass_constant_shape_copy.onnx",
      "sha256": "80189811df615bd533d3d1add4c45fab4026213ab8cd7b39c7e23b96c7f20e8b",
      "proof": {
        "proof": "CenterCropPad(out_shape4_const, Shape(out_shape4_const)) is the identity on the fixed [4]-element vector.",
        "removed_nodes": [
          "Shape:out_shape4_len",
          "CenterCropPad:out_shape4"
        ],
        "warning": "diagnostic only until runtime/shape-cloak audit passes"
      },
      "actual_cost": null,
      "strictly_lower": false,
      "audit": {
        "label": "task308_bypass_constant_shape_copy",
        "task": 308,
        "path": "scripts/golf/loop_8004_42_plus20/agent_high005_297_308_140/candidates/task308_bypass_constant_shape_copy.onnx",
        "sha256": "80189811df615bd533d3d1add4c45fab4026213ab8cd7b39c7e23b96c7f20e8b",
        "file_bytes": 4129,
        "nodes": 45,
        "initializers": 6,
        "params": 57,
        "op_histogram": {
          "CastLike": 6,
          "CenterCropPad": 5,
          "Einsum": 4,
          "Cast": 3,
          "Add": 3,
          "Where": 3,
          "Sub": 2,
          "GatherElements": 2,
          "Sqrt": 2,
          "Shrink": 2,
          "ScatterElements": 2,
          "ArgMax": 1,
          "Shape": 1,
          "TopK": 1,
          "Max": 1,
          "ReduceMax": 1,
          "Less": 1,
          "Equal": 1,
          "Mul": 1,
          "Concat": 1,
          "Gather": 1,
          "Pad": 1
        },
        "max_node_inputs": 13,
        "lookup_red_flags": {
          "tfidf": 0,
          "hardmax": 0,
          "giant_einsum_nodes": 0,
          "params_over_10000": false
        },
        "nonstandard_domains": [],
        "banned_ops": [],
        "nested_graph_attributes": 0,
        "function_count": 0,
        "sparse_initializer_count": 0,