{
  "sound_bitset_u16": {
    "correct": true,
    "cost": 5573,
    "memory": 5368,
    "params": 205,
    "score": 16.374311212430463
  },
  "truthful_authority": {
    "correct": true,
    "cost": 115233,
    "memory": 115072,
    "params": 161,
    "score": 13.345288555444093
  },
  "truthful_historical_968": {
    "correct": true,
    "cost": 151883,
    "memory": 151747,
    "params": 136,
    "score": 13.069134233413205
  }
}
