{
  "tasks": {
    "69": {
      "memory": 479,
      "params": 45,
      "cost": 524,
      "score": 18.738508315678956,
      "correct": true
    },
    "187": {
      "memory": 1657,
      "params": 141,
      "cost": 1798,
      "score": 17.505569784968436,
      "correct": true
    },
    "277": {
      "memory": 578,
      "params": 53,
      "cost": 631,
      "score": 18.552694137458786,
      "correct": true
    }
  }
}
