{
  "task": 12,
  "dataset": "domain",
  "kh": 7,
  "kw": 7,
  "pad_top": 3,
  "pad_left": 3,
  "source": "scripts/golf/loop_8004_42_plus20/agent_high47/candidates/task012_history_r01_static500_a3640a1525.onnx",
  "source_sha256": "a3640a15252636a0bc7e3ed3e56353e3d1693c09d3fcadaf4a899c9490531894",
  "solver": {
    "success": true,
    "status": 0,
    "message": "Optimization terminated successfully. (HiGHS Status 7: Optimal)",
    "state_count": 196,
    "constraint_count": 22764,
    "best_exact_cases": 176,
    "mip_gap": 0.0,
    "mip_dual_bound": -176.00000000001003
  },
  "foreground": [
    -3.917502787298166,
    -10.345596434151766,
    -7.103678929785582,
    3.1861761425450057,
    -10.345596434080456,
    -10.345596433313178,
    -3.9175027872887753,
    -100.0,
    11.021181717078468,
    7.159420291623638,
    -11.752508361891092,
    7.159420290182615,
    11.021181717078468,
    -6.59308807218255,
    -3.917502787299857,
    9.021181717078852,
    11.021181717078468,
    -0.6488294320940984,
    11.021181717078468,
    6.813823858195837,
    -3.9175027872887753,
    3.4069119285259744,
    -14.717948718362559,
    -6.510590859528388,
    100.0,
    -6.510590859511917,
    -100.0,
    5.614269788583736,
    -3.91750278729849,
    9.021181718290805,
    11.021181717078468,
    -2.5105908587614554,
    11.021181717078468,
    9.021181717108979,
    -3.9175027872887753,
    -6.593088072240964,
    11.021181717078102,
    9.021181717078457,
    -100.0,
    9.021181718243716,
    11.021181717078468,
    -100.0,
    -3.917502787298166,
    -5.835005574592916,
    -5.835005575178691,
    5.835005574598207,
    -5.835005575178691,
    -5.835005575177896,
    -3.9175027872802435,
    -10.021181717078468
  ]
}
