{
  "baseline_sha256": "4014cbafea4862f67ebf5ff24be13149b45b333c95bfa680be7216f001a6bb3a",
  "exhaustive_atomic_rows": 384,
  "trials": [
    {
      "trial": 0,
      "start_components": [
        0,
        1,
        3
      ],
      "wrong": 1761,
      "min_margin": -3032.493408203125,
      "step": 0
    },
    {
      "trial": 1,
      "start_components": [
        1,
        2,
        3
      ],
      "wrong": 3347,
      "min_margin": -2718.48291015625,
      "step": 1,
      "loss": 136660.03125
    },
    {
      "trial": 2,
      "start_components": [
        0,
        1,
        2
      ],
      "wrong": 8655,
      "min_margin": -10.525568008422852,
      "step": 11650,
      "loss": 1.11478590965271
    }
  ],
  "best": {
    "trial": 0,
    "start_components": [
      0,
      1,
      3
    ],
    "wrong": 1761,
    "min_margin": -3032.493408203125,
    "step": 0
  },
  "candidate": "scripts/golf/loop_7999_13/lane_b25/task232_rank3_trained.onnx",
  "candidate_sha256": "448b537479d9213acf62eb9f40d3f26f8f38222326f4def5c04470964d5c92e9",
  "initializer_params": 102,
  "max_einsum_inputs": 11
}
