{
  "admitted_as_improvement": false,
  "authority": {
    "known_shape_cloak": true,
    "member_sha256_at_finish": "40f1edfc464d21e8388f3013f926ad958f374cf84b1ac67d48f740fb0afd3902",
    "reported_cost_from_all_scores": 185,
    "zip": "submission.zip",
    "zip_sha256_at_finish": "a5a811393b5b378c3bfe1e9aef29680b8af1671440aa21e900fe8c05ad54c328"
  },
  "candidate": {
    "official_gold_exact": true,
    "official_profile": {
      "correct": true,
      "cost": 262,
      "memory": 207,
      "params": 55,
      "score": 19.431655496238903
    },
    "path": "scripts/golf/focus_task071_gold/candidates/task071_truthful_dense.onnx",
    "sha256": "ce023f9d879c4c8d0b32dde95c130dc9db5684e45e8a5b16d79907da41c6bb9a",
    "visible_margin_stable": true,
    "visible_min_nonzero_abs": 1.0
  },
  "fresh": [
    {
      "accuracy": 1.0,
      "cases": 2000,
      "elapsed_seconds": 6.606797292013653,
      "first_failure": null,
      "minimum_nonzero_abs": 1.0,
      "near_boundary_values_abs_0_to_0_25": 0,
      "nonfinite_cases": 0,
      "raw_sha256": "d8c135a2fd1e3532d02e6aac861f47678700870d700a54a79a7ec17878133ffd",
      "right": 2000,
      "runtime_errors": 0,
      "seed": 7120260715,
      "shape_mismatch_cases": 0,
      "wrong": 0
    },
    {
      "accuracy": 1.0,
      "cases": 2000,
      "elapsed_seconds": 6.696346167009324,
      "first_failure": null,
      "minimum_nonzero_abs": 1.0,
      "near_boundary_values_abs_0_to_0_25": 0,
      "nonfinite_cases": 0,
      "raw_sha256": "a22d5915be7ed6206dbd1fbcdd8075df47b4ad7d36cc238eea9699717bc72adc",
      "right": 2000,
      "runtime_errors": 0,
      "seed": 7120260716,
      "shape_mismatch_cases": 0,
      "wrong": 0
    }
  ],
  "fresh_gate_pass": true,
  "fresh_total": {
    "cases": 4000,
    "right": 4000,
    "wrong": 0
  },
  "policy": "GOLD_EXACT_AND_MARGIN_AND_FRESH_2000_X2_100_PERCENT",
  "rejection_reason": "truthful fully-gated equivalent costs 262, above shape-cloaked authority cost 185",
  "root_hashes_after": {
    "all_scores.csv": "fbe10bfcbc0599d09acde778d7d200d38cca7ecf5af4b2201439454e91ee0903",
    "best_score.json": "7da7ca0d6a778855f75190bf85548179a5f89eed3d0ee25011f96cef6c033d27",
    "submission.zip": "a5a811393b5b378c3bfe1e9aef29680b8af1671440aa21e900fe8c05ad54c328"
  },
  "root_hashes_before": {
    "all_scores.csv": "fbe10bfcbc0599d09acde778d7d200d38cca7ecf5af4b2201439454e91ee0903",
    "best_score.json": "7da7ca0d6a778855f75190bf85548179a5f89eed3d0ee25011f96cef6c033d27",
    "submission.zip": "a5a811393b5b378c3bfe1e9aef29680b8af1671440aa21e900fe8c05ad54c328"
  },
  "root_hashes_unchanged_during_audit": true,
  "root_or_checkpoint_modified_by_this_script": false,
  "runtime_shape_audit": {
    "all_node_outputs_checked": 26,
    "declared_equals_runtime": true,
    "mismatches": {},
    "runtime_shapes": {
      "axis2": [
        1
      ],
      "axis_den": [
        1
      ],
      "axis_rev": [
        1
      ],
      "box_left": [
        1
      ],
      "clean_bg": [
        1
      ],
      "clip1213": [
        2
      ],
      "gather_i32": [
        30
      ],
      "gather_raw": [
        30
      ],
      "hi69": [
        4
      ],
      "left_moment": [
        1
      ],
      "lo69": [
        4
      ],
      "output": [
        1,
        10,
        30,
        30
      ],
      "p1": [
        1
      ],
      "p1011": [
        2
      ],
      "p1213": [
        2
      ],
      "p23": [
        2
      ],
      "p45": [
        2
      ],
      "p69": [
        4
      ],
      "q23": [
        2
      ],
      "r1": [
        1
      ],
      "r1011": [
        2
      ],
      "r1213": [
        2
      ],
      "r23": [
        2
      ],
      "r45": [
        2
      ],
      "r69": [
        4
      ],
      "right_moment": [
        1
      ]
    },
    "shape_cloak": false
  },
  "static": {
    "all_shapes_static_positive": true,
    "banned_ops": [],
    "finite_initializers": true,
    "full_check": true,
    "functions": 0,
    "nested_graphs": 0,
    "shapes": {
      "axis2": [
        1
      ],
      "axis_den": [
        1
      ],
      "axis_rev": [
        1
      ],
      "box_left": [
        1
      ],
      "clean_bg": [
        1
      ],
      "clip1213": [
        2
      ],
      "gather_i32": [
        30
      ],
      "gather_raw": [
        30
      ],
      "hi69": [
        4
      ],
      "input": [
        1,
        10,
        30,
        30
      ],
      "left_moment": [
        1
      ],
      "lo69": [
        4
      ],
      "output": [
        1,
        10,
        30,
        30
      ],
      "p1": [
        1
      ],
      "p1011": [
        2
      ],
      "p1213": [
        2
      ],
      "p23": [
        2
      ],
      "p45": [
        2
      ],
      "p69": [
        4
      ],
      "q23": [
        2
      ],
      "r1": [
        1
      ],
      "r1011": [
        2
      ],
      "r1213": [
        2
      ],
      "r23": [
        2
      ],
      "r45": [
        2
      ],
      "r69": [
        4
      ],
      "right_moment": [
        1
      ]
    },
    "strict_shape_inference_data_prop": true
  },
  "task": 71
}
