{
  "baseline_zip": "submission_base_7999.13.zip",
  "baseline_zip_sha256": "a123cdc6cb04baa179044f8910d90c6b753dbfed22db9e69738a0574f276a2e1",
  "winners": {
    "23": {
      "task": 23,
      "sha256": "61313447a8f811f65257ae079330a956e63e8722daf4197f62316649e31798a7",
      "bytes": 9268,
      "sources": [
        "others/2/1203/task023_improved_v2.onnx"
      ],
      "source_kinds": [
        "loose"
      ],
      "baseline_cost": 1622,
      "static_cost_floor": 1497,
      "stage": "known_pass",
      "actual_screen_cost": 1497,
      "candidate_cost": 1497,
      "candidate_memory": 716,
      "candidate_params": 781,
      "gain": 0.08019685025572992,
      "candidate": "scripts/golf/loop_7999_13/lane_harvest/winner_task023.onnx"
    },
    "90": {
      "task": 90,
      "sha256": "2daaf4a8eb951f64010a3ec9beef08aad08c518f6f5f96c6f09132eb49303891",
      "bytes": 11086,
      "sources": [
        "others/2/1201/7120/task090_further_improved.onnx",
        "others/7907/7120/task090_further_improved.onnx"
      ],
      "source_kinds": [
        "loose"
      ],
      "baseline_cost": 1050,
      "static_cost_floor": 696,
      "stage": "known_pass",
      "actual_screen_cost": 986,
      "candidate_cost": 986,
      "candidate_memory": 862,
      "candidate_params": 124,
      "gain": 0.06288908854893364,
      "candidate": "scripts/golf/loop_7999_13/lane_harvest/winner_task090.onnx"
    },
    "109": {
      "task": 109,
      "sha256": "2e7be8671e2e8abe9d3f2f77f0b068f54a70a584ce477affb28fee6372bd25ef",
      "bytes": 1826,
      "sources": [
        "others/7907/task109_improved(1).onnx"
      ],
      "source_kinds": [
        "loose"
      ],
      "baseline_cost": 406,
      "static_cost_floor": 178,
      "stage": "known_pass",
      "actual_screen_cost": 405,
      "candidate_cost": 405,
      "candidate_memory": 362,
      "candidate_params": 43,
      "gain": 0.0024660924951934683,
      "candidate": "scripts/golf/loop_7999_13/lane_harvest/winner_task109.onnx"
    },
    "118": {
      "task": 118,
      "sha256": "a45d8007f695631e7436bdf33c3ca5a0cb37a76e96918c14178fccb38037bd9d",
      "bytes": 5462,
      "sources": [
        "others/2/1201/7120/task118_improved_v2.onnx",
        "others/7907/7120/task118_improved_v2.onnx"
      ],
      "source_kinds": [
        "loose"
      ],
      "baseline_cost": 3914,
      "static_cost_floor": 491,
      "stage": "known_pass",
      "actual_screen_cost": 3911,
      "candidate_cost": 3911,
      "candidate_memory": 3682,
      "candidate_params": 229,
      "gain": 0.0007667732005073825,
      "candidate": "scripts/golf/loop_7999_13/lane_harvest/winner_task118.onnx"
    },
    "131": {
      "task": 131,
      "sha256": "a13e6337acc30ddc9bc7f3276f3e464cc8144c12d40577bdd625d721ab1db182",
      "bytes": 1132614,
      "sources": [
        "others/2/1200/task131_more_cost_reduced.onnx"
      ],
      "source_kinds": [
        "loose"
      ],
      "baseline_cost": 746,
      "static_cost_floor": 449,
      "stage": "known_pass",
      "actual_screen_cost": 596,
      "candidate_cost": 596,
      "candidate_memory": 493,
      "candidate_params": 103,
      "gain": 0.2244849331384111,
      "candidate": "scripts/golf/loop_7999_13/lane_harvest/winner_task131.onnx"
    },
    "191": {
      "task": 191,
      "sha256": "7432cc3f4b517aadc84d9b3ae0b4c0fdbc55005fd3cba17a9e015e9e77f3aa44",
      "bytes": 8890,
      "sources": [
        "others/2/1203/task191_improved_v2.onnx"
      ],
      "source_kinds": [
        "loose"
      ],
      "baseline_cost": 3444,
      "static_cost_floor": 795,
      "stage": "known_pass",
      "actual_screen_cost": 3430,
      "candidate_cost": 3430,
      "candidate_memory": 3382,
      "candidate_params": 48,
      "gain": 0.004073325387635869,
      "candidate": "scripts/golf/loop_7999_13/lane_harvest/winner_task191.onnx"
    },
    "219": {
      "task": 219,
      "sha256": "6fffa0b87f151603b0def28aa6ef29a4b46c1334a8a21a54d27eea16741ff186",
      "bytes": 743638,
      "sources": [
        "others/2/1201/7120/task219_further_improved.onnx",
        "others/7907/7120/task219_further_improved.onnx"
      ],
      "source_kinds": [
        "loose"
      ],
      "baseline_cost": 1479,
      "static_cost_floor": 1081,
      "stage": "known_pass",
      "actual_screen_cost": 1081,
      "candidate_cost": 1081,
      "candidate_memory": 965,
      "candidate_params": 116,
      "gain": 0.31347964507159154,
      "candidate": "scripts/golf/loop_7999_13/lane_harvest/winner_task219.onnx"
    },
    "268": {
      "task": 268,
      "sha256": "22ea97ffce8b14fbf923a89a0cda2233d83469201732ed3f4e914e5b2b1ced69",
      "bytes": 426559,
      "sources": [
        "others/7907/task268_improved_rebuild.onnx"
      ],
      "source_kinds": [
        "loose"
      ],
      "baseline_cost": 446,
      "static_cost_floor": 327,
      "stage": "known_pass",
      "actual_screen_cost": 327,
      "candidate_cost": 327,
      "candidate_memory": 285,
      "candidate_params": 42,
      "gain": 0.3103587811228106,
      "candidate": "scripts/golf/loop_7999_13/lane_harvest/winner_task268.onnx"
    },
    "365": {
      "task": 365,
      "sha256": "56c70262d89d54954d4cf4c5f9ba651078a391d9b83cf15bc0c94fd6e5681b9d",
      "bytes": 5693,
      "sources": [
        "others/2/1201/7120/task365_improved_v2.onnx",
        "others/7907/7120/task365_improved_v2.onnx"
      ],
      "source_kinds": [
        "loose"
      ],
      "baseline_cost": 1381,
      "static_cost_floor": 1199,
      "stage": "known_pass",
      "actual_screen_cost": 1199,
      "candidate_cost": 1199,
      "candidate_memory": 1094,
      "candidate_params": 105,
      "gain": 0.14131999838177794,
      "candidate": "scripts/golf/loop_7999_13/lane_harvest/winner_task365.onnx"
    },
    "366": {
      "task": 366,
      "sha256": "45540ecc35f21f681861dedee1b84a337a9316e8e291c131c87c5b721ee6242a",
      "bytes": 77138,
      "sources": [
        "others/2/1201/7120/task366_further_improved.onnx",
        "others/7907/7120/task366_further_improved.onnx"
      ],
      "source_kinds": [
        "loose"
      ],
      "baseline_cost": 7987,
      "static_cost_floor": 6242,
      "stage": "known_pass",
      "actual_screen_cost": 7646,
      "candidate_cost": 7646,
      "candidate_memory": 7281,
      "candidate_params": 365,
      "gain": 0.043632584661030774,
      "candidate": "scripts/golf/loop_7999_13/lane_harvest/winner_task366.onnx"
    }
  },
  "known_gain": 1.1836680722636224,
  "pending": "random_differential_and_external_validation"
}
