{
  "23": {
    "memory": 1245,
    "params": 377,
    "cost": 1622,
    "score": 17.608584765324643,
    "correct": true
  },
  "36": {
    "memory": 255,
    "params": 70,
    "cost": 325,
    "score": 19.216174817670264,
    "correct": true
  }
}
