{
  "task": 310,
  "candidate": "scripts/golf/loop_7999_13/lane_c9/task310_safe_linear_selector.onnx",
  "sha256": "ad81c541e1164adc0e6a7971ae62a013b79e3bd6a1a3efcbca93b4400084c496",
  "memory": 240,
  "params": 393,
  "cost": 633,
  "score": 18.549529577855825,
  "correct": true,
  "baseline_cost": 566,
  "baseline_score": 18.661405921796817,
  "projected_gain": -0.11187634394099177,
  "decision": "reject_not_strictly_cheaper"
}
