{
  "baseline": {
    "path": "submission_base_8005.16.zip",
    "sha256": "73073208ec8b5b296f1fc13300a7e4df871135f0a9edd4a682ac7b48077aba00",
    "previous_path": "submission_base_8004.50.zip",
    "previous_sha256": "63cb4c2abf794bb3cc0ceb531db907625c82638656e7d1ab29865d39b42a6cac"
  },
  "archive_inventory": {
    "stats": {
      "zips_seen": 1196,
      "members_seen": 448568,
      "baseline_duplicates": 129093,
      "loose_seen": 233751,
      "unique_different": 13591,
      "static_not_cheaper": 11656,
      "static_unknown": 245,
      "structure_rejects": 253
    },
    "relevant_retained_lower": [
      {
        "task": 350,
        "baseline_cost": 88,
        "static_cost": 60,
        "static_gain": 0.38299225225610556,
        "sha256": "e98f401903c97c140aa452919e001409611c6f5b88cd580eee3029e8863f4b99",
        "path": "scripts/golf/loop_7999_13/lane_archive_all400/task350_r01_static60.onnx",
        "sources": [
          "scripts/golf/loop_7999_13/lane_einsum_rank1/task350.onnx"
        ],
        "source_count": 1
      },
      {
        "task": 356,
        "baseline_cost": 88,
        "static_cost": 60,
        "static_gain": 0.38299225225610556,
        "sha256": "8bb6ac7fa392c42a9fd0c56fc873a8a9119e9b58cb884796a9d55643a254e52f",
        "path": "scripts/golf/loop_7999_13/lane_archive_all400/task356_r01_static60.onnx",
        "sources": [
          "scripts/golf/loop_7999_13/lane_einsum_rank1/task356.onnx"
        ],
        "source_count": 1
      },
      {
        "task": 214,
        "baseline_cost": 85,
        "static_cost": 75,
        "static_gain": 0.12516314295400477,
        "sha256": "4cfc5c2ec31e57013b86f025ad205b56ed351a1197727fba79e9c329b655f8fa",
        "path": "scripts/golf/loop_7999_13/lane_archive_all400/task214_r01_static75.onnx",
        "sources": [
          "additional_10tasks_patch.zip::task214.onnx"
        ],
        "source_count": 1
      }
    ],
    "interpretation": "Only tasks 214, 350 and 356 have below-baseline static leads; every one fails its prerequisite correctness screen."
  },
  "focused_harvest": {
    "inventory": {
      "loose_observations": 2162,
      "exact_baseline_duplicates": 6391,
      "excluded_task_observations": 723,
      "zip_files_seen": 27,
      "zip_member_observations": 10000,
      "unique_different": 1134
    },
    "relevant_rows": [
      {
        "task": 50,
        "sha256": "e1f6096c7b36d6092d9a54cf368aa4d00357c40dafd24581359821bea35cc921",
        "bytes": 933,
        "sources": [
          "others/2/1300/submission7300+/task050.onnx"
        ],
        "source_kinds": [
          "loose"
        ],
        "stage": "baseline_unavailable",
        "reason": "exact_member_not_scorable_or_timeout"
      },
      {
        "task": 50,
        "sha256": "3776423923806b0387f9cda98884a189aac7f173c116b80e098a4e1988ec44ee",
        "bytes": 888,
        "sources": [
          "others/7132/task050_cost96.onnx",
          "others/7905/71205/task050_cost96.onnx"
        ],
        "source_kinds": [
          "loose"
        ],
        "stage": "baseline_unavailable",
        "reason": "exact_member_not_scorable_or_timeout"
      },
      {
        "task": 83,
        "sha256": "9f38f4707cac18a34015d7d3e8dae5fe2e9152e69f8821baa74a3ad40ac4400c",
        "bytes": 939,
        "sources": [
          "others/2/7908/submission (57).zip::task083.onnx"
        ],
        "source_kinds": [
          "zip_member"
        ],
        "baseline_cost": 84,
        "static_cost_floor": null,
        "stage": "structure_reject",
        "reason": "giant_einsum:49"
      },
      {
        "task": 83,
        "sha256": "292a56e292cb99f0b6376e103ef994a21e8aa2940d6f444f56e613b793bc8a24",
        "bytes": 1027,
        "sources": [
          "others/2/1300/submission7300+/task083.onnx"
        ],
        "source_kinds": [
          "loose"
        ],
        "baseline_cost": 84,
        "static_cost_floor": 210,
        "stage": "static_reject",
        "reason": "static_floor_not_strictly_cheaper"
      },
      {
        "task": 214,
        "sha256": "73402371f4723d2b76b15278cb5dc44e376779759d95eb2e0ac842b75bc98b5b",
        "bytes": 662,
        "sources": [
          "others/2/1202/task214_rebuilt_cost85.onnx"
        ],
        "source_kinds": [
          "loose"
        ],
        "baseline_cost": 85,
        "static_cost_floor": 85,
        "stage": "static_reject",
        "reason": "static_floor_not_strictly_cheaper"
      },
      {
        "task": 214,
        "sha256": "23ce054bc1ed253b92154433cd52e6d042f0390a09d2b2f8f83beb50d9fa36bb",
        "bytes": 974,
        "sources": [
          "others/2/1300/submission7300+/task214.onnx"
        ],
        "source_kinds": [
          "loose"
        ],
        "baseline_cost": 85,
        "static_cost_floor": 525,
        "stage": "static_reject",
        "reason": "static_floor_not_strictly_cheaper"
      },
      {
        "task": 214,
        "sha256": "cbdb7086463e6f9ec980cf9892ffa6a8e4e912208837e68794b197cb74ea6338",
        "bytes": 800,
        "sources": [
          "others/7132/task214_rebuilt_min.onnx",
          "others/7905/71205/task214_rebuilt_min.onnx"
        ],
        "source_kinds": [
          "loose"
        ],
        "baseline_cost": 85,
        "static_cost_floor": 85,
        "stage": "static_reject",
        "reason": "static_floor_not_strictly_cheaper"
      },
      {
        "task": 329,
        "sha256": "3aed1c86cc89cef5e0dca9a316180fe6e14235694c55de0767ff4588b0b0a166",
        "bytes": 704,
        "sources": [
          "others/2/7908/submission (57).zip::task329.onnx"
        ],
        "source_kinds": [
          "zip_member"
        ],
        "baseline_cost": 88,
        "static_cost_floor": null,
        "stage": "structure_reject",
        "reason": "giant_einsum:19"
      },
      {
        "task": 329,
        "sha256": "02dd5cdee77f7ecc1b20a46e6dec17a2e8404b6dc7b8fd59d7c8c8f69d2e7b78",
        "bytes": 1068,
        "sources": [
          "others/2/1300/submission7300+/task329.onnx"
        ],
        "source_kinds": [
          "loose"
        ],
        "baseline_cost": 88,
        "static_cost_floor": 1050,
        "stage": "static_reject",
        "reason": "static_floor_not_strictly_cheaper"
      },
      {
        "task": 350,
        "sha256": "a3471b2970485285cb5fd018efbea4a56cfe7db302a44756a3972a0e2fb4753f",
        "bytes": 790,
        "sources": [
          "others/2/7908/submission (57).zip::task350.onnx"
        ],
        "source_kinds": [
          "zip_member"
        ],
        "baseline_cost": 88,
        "static_cost_floor": null,
        "stage": "structure_reject",
        "reason": "giant_einsum:31"
      },
      {
        "task": 350,
        "sha256": "36347083a3e94eeb3aee50bfc307b5171afa56c691e6d0bbf642399025b546e6",
        "bytes": 2360,
        "sources": [
          "others/2/1300/submission7300+/task350.onnx"
        ],
        "source_kinds": [
          "loose"
        ],
        "baseline_cost": 88,
        "static_cost_floor": null,
        "stage": "structure_reject",
        "reason": "giant_einsum:49"
      },
      {
        "task": 356,
        "sha256": "1292065051659c4c459876e2cb867d33b078633dc5b70777947a25006f3a98c7",
        "bytes": 754,
        "sources": [
          "others/2/1300/submission7300+/task356.onnx"
        ],
        "source_kinds": [
          "loose"
        ],
        "baseline_cost": 88,
        "static_cost_floor": 1220,
        "stage": "static_reject",
        "reason": "static_floor_not_strictly_cheaper"
      },
      {
        "task": 356,
        "sha256": "7ac1f40117ddf0b1f782c569630ec46d80706054988d5368dcca0a3a7f80468c",
        "bytes": 748,
        "sources": [
          "others/7132/task356_improved.onnx",
          "others/7905/71205/task356_improved.onnx"
        ],
        "source_kinds": [
          "loose"
        ],
        "baseline_cost": 88,
        "static_cost_floor": null,