{
  "decision": "REJECT_KNOWN_GATE",
  "winner": null,
  "authority_cost": 1622,
  "source": "scripts/golf/loop_8004_42_plus20/root_task023_tune80/task023_ranker_coordinate2.onnx",
  "source_sha256": "763c7002607625de9812bab2ea0cd6db73799a3dc7c8153eaf6c4ee7c7a1d346",
  "orientation_census": {
    "total": 48,
    "A_2x3": 24,
    "B_3x2": 24,
    "screen_train": 6000,
    "screen_valid": 1500,
    "seed": 246023001,
    "screen_best_known": {
      "layout": "B3x2_p1_1001_p2_2100",
      "restart": 0,
      "last_loss": 0.8987712264060974,
      "known_float_right": 253,
      "known_right": 257,
      "known_total": 266,
      "valid_right": 1321,
      "valid_total": 1500,
      "w1": [
        [
          1,
          0,
          -3,
          2,
          -7,
          -5,
          6,
          -2,
          8,
          6,
          -4,
          1,
          12,
          11,
          -7,
          1
        ],
        [
          -1,
          -2,
          1,
          1,
          3,
          0,
          -1,
          0,
          -7,
          5,
          0,
          -1,
          -9,
          8,
          -2,
          -5
        ]
      ],
      "w2": [
        [
          0,
          0,
          -3,
          8,
          2,
          -5
        ],
        [
          -2,
          -3,
          4,
          -1,
          -5,
          -4
        ]
      ]
    },
    "screen_best_fresh": {
      "layout": "B3x2_p1_0110_p2_2100",
      "restart": 0,
      "last_loss": 0.6778943538665771,
      "known_float_right": 248,
      "known_right": 253,
      "known_total": 266,
      "valid_right": 1376,
      "valid_total": 1500,
      "w1": [
        [
          3,
          -4,
          -2,
          3,
          0,
          4,
          4,
          -1,
          -4,
          6,
          5,
          -4,
          2,
          -2,
          -1,
          0
        ],
        [
          -4,
          6,
          6,
          -4,
          0,
          5,
          5,
          -1,
          2,
          -3,
          -2,
          4,
          -2,
          1,
          0,
          -2
        ]
      ],
      "w2": [
        [
          0,
          -1,
          -1,
          6,
          1,
          -2
        ],
        [
          -1,
          1,
          1,
          -2,
          0,
          8
        ]
      ]
    }
  },
  "best_reproducible_known_refinement": {
    "path": "scripts/golf/loop_8004_42_plus20/root_task023_spatial_morphology_246/task023_spatial_morphology.onnx",
    "sha256": "86f06869cbb5f9ead0e25a994b9fa6dbb024ce19fa5092127f5f9c86ae17e06f",
    "measured_memory": 1175,
    "measured_params": 446,
    "measured_cost": 1621,
    "known_all4": {
      "raw_disable_all": {
        "total": 266,
        "right": 261,
        "runtime_errors": 0,
        "nonfinite": 0,
        "output_shape_mismatches": 0
      },
      "raw_default": {
        "total": 266,
        "right": 261,
        "runtime_errors": 0,
        "nonfinite": 0,
        "output_shape_mismatches": 0
      },
      "sanitized_disable_all": {
        "total": 266,
        "right": 261,
        "runtime_errors": 0,
        "nonfinite": 0,
        "output_shape_mismatches": 0
      },
      "sanitized_default": {
        "total": 266,
        "right": 261,
        "runtime_errors": 0,
        "nonfinite": 0,
        "output_shape_mismatches": 0
      }
    },
    "screen_holdout_all4": {
      "raw_disable_all": {
        "total": 1500,
        "right": 1294,
        "runtime_errors": 0,
        "nonfinite": 0,
        "output_shape_mismatches": 0
      },
      "raw_default": {
        "total": 1500,
        "right": 1294,
        "runtime_errors": 0,
        "nonfinite": 0,
        "output_shape_mismatches": 0
      },
      "sanitized_disable_all": {
        "total": 1500,
        "right": 1294,
        "runtime_errors": 0,
        "nonfinite": 0,
        "output_shape_mismatches": 0
      },
      "sanitized_default": {
        "total": 1500,
        "right": 1294,
        "runtime_errors": 0,
        "nonfinite": 0,
        "output_shape_mismatches": 0
      }
    },
    "structure": {
      "full_checker": "PASS",
      "strict_shape_data_prop": "PASS",
      "all_inferred_dims_static_positive": true,
      "runtime_shape_trace": {
        "traced_outputs": 30,
        "mismatches": []
      },
      "canonical_io": true,
      "input_shape": [
        1,
        10,
        30,
        30
      ],
      "output_shape": [
        1,
        10,
        30,
        30
      ],
      "functions": 0,
      "sparse_initializers": 0,
      "nested_graphs": 0,
      "standard_domains": true,
      "banned_ops": [],
      "conv_bias_issues": [],
      "qlinearconv_input_counts": [
        8,
        8
      ],
      "bias_free_qlinearconv_count": 2,
      "morphology_weight_count": 44,
      "lookup_or_private_correction_count": 0,
      "op_histogram": {
        "Add": 1,
        "BitShift": 1,
        "BitwiseAnd": 1,
        "BitwiseXor": 1,
        "Cast": 6,
        "Concat": 3,
        "Div": 1,
        "Einsum": 1,
        "Flatten": 1,
        "Mod": 1,
        "Mul": 2,
        "Pad": 1,
        "QLinearConv": 2,
        "Reshape": 2,
        "ScatterElements": 1,
        "Slice": 3,
        "TopK": 1
      }
    }
  },
  "best_screen_fresh_rejected": {
    "path": "scripts/golf/loop_8004_42_plus20/root_task023_spatial_morphology_246/task023_spatial_fresh_best_rejected.onnx",
    "sha256": "356972bc2ddb2a6baf6617f5f59e3125679841256ebf68fb34793be8d3aeee3e",
    "layout": "B3x2_p1_0110_p2_2100",
    "measured_memory": 1175,
    "measured_params": 446,
    "measured_cost": 1621,
    "known_all4": {
      "raw_disable_all": {
        "total": 266,
        "right": 253,
        "runtime_errors": 0,
        "nonfinite": 0,
        "output_shape_mismatches": 0
      },
      "raw_default": {
        "total": 266,
        "right": 253,
        "runtime_errors": 0,
        "nonfinite": 0,
        "output_shape_mismatches": 0
      },
      "sanitized_disable_all": {
        "total": 266,
        "right": 253,
        "runtime_errors": 0,
        "nonfinite": 0,
        "output_shape_mismatches": 0
      },
      "sanitized_default": {
        "total": 266,
        "right": 253,
        "runtime_errors": 0,
        "nonfinite": 0,
        "output_shape_mismatches": 0
      }
    },
    "screen_holdout_all4": {
      "raw_disable_all": {
        "total": 1500,
        "right": 1376,
        "runtime_errors": 0,
        "nonfinite": 0,
        "output_shape_mismatches": 0
      },
      "raw_default": {
        "total": 1500,
        "right": 1376,
        "runtime_errors": 0,
        "nonfinite": 0,
        "output_shape_mismatches": 0
      },
      "sanitized_disable_all": {
        "total": 1500,
        "right": 1376,
        "runtime_errors": 0,
        "nonfinite": 0,
        "output_shape_mismatches": 0
      },
      "sanitized_default": {
        "total": 1500,
        "right": 1376,
        "runtime_errors": 0,
        "nonfinite": 0,
        "output_shape_mismatches": 0
      }
    },
    "structure": {
      "full_checker": "PASS",
      "strict_shape_data_prop": "PASS",
      "all_inferred_dims_static_positive": true,
      "runtime_shape_trace": {
        "traced_outputs": 30,
        "mismatches": []
      },
      "canonical_io": true,
      "input_shape": [
        1,
        10,
        30,
        30
      ],
      "output_shape": [
        1,
        10,
        30,
        30
      ],
      "functions": 0,
      "sparse_initializers": 0,
      "nested_graphs": 0,
      "standard_domains": true,
      "banned_ops": [],
      "conv_bias_issues": [],
      "qlinearconv_input_counts": [
        8,
        8
      ],
      "bias_free_qlinearconv_count": 2,
      "morphology_weight_count": 44,
      "lookup_or_private_correction_count": 0,
      "op_histogram": {
        "Add": 1,
        "BitShift": 1,