{
  "worker_index": 8,
  "pid": 72135,
  "tasks": [
    349
  ],
  "results": [
    {
      "task": 349,
      "authority": {
        "sha256": "8ab46bc1217c80c1d15c6064ea12a502c15274e12f79d9546f3d4620b76b72a3",
        "bytes": 9189,
        "profile": {
          "memory": 3239,
          "params": 293,
          "cost": 3532,
          "score": 16.83038043827615,
          "correct": true
        }
      },
      "generated_candidates": 0,
      "preliminary_eligible": 0,
      "preliminary": [],
      "audits": [],
      "finalist": null
    }
  ],
  "elapsed_seconds": 0.7761990829603747
}
