{
  "worker_index": 4,
  "pid": 72129,
  "tasks": [
    156
  ],
  "results": [
    {
      "task": 156,
      "authority": {
        "sha256": "54943755d904eb160723ff545e155e200ad6f84e3247fc30f7122a893a774408",
        "bytes": 2668,
        "profile": {
          "memory": 281,
          "params": 212,
          "cost": 493,
          "score": 18.79949082595731,
          "correct": true
        }
      },
      "generated_candidates": 0,
      "preliminary_eligible": 0,
      "preliminary": [],
      "audits": [],
      "finalist": null
    }
  ],
  "elapsed_seconds": 0.42862070800038055
}
