{
  "worker_index": 3,
  "pid": 72127,
  "tasks": [
    80
  ],
  "results": [
    {
      "task": 80,
      "authority": {
        "sha256": "761ed9c5c4d9c9aab1284f8ebfb0be11afb9d5103e72727495d39be186d12daf",
        "bytes": 4136,
        "profile": {
          "memory": 2837,
          "params": 213,
          "cost": 3050,
          "score": 16.977103130398543,
          "correct": true
        }
      },
      "generated_candidates": 0,
      "preliminary_eligible": 0,
      "preliminary": [],
      "audits": [],
      "finalist": null
    }
  ],
  "elapsed_seconds": 0.4938089170027524
}
