{
  "worker_index": 7,
  "pid": 72133,
  "tasks": [
    297
  ],
  "results": [
    {
      "task": 297,
      "authority": {
        "sha256": "5b1b2dbc6f86a3f1658b092b7d2c296f46852489258d7a7bf3d50f08d796365e",
        "bytes": 2230,
        "profile": {
          "memory": 320,
          "params": 41,
          "cost": 361,
          "score": 19.11112204166712,
          "correct": true
        }
      },
      "generated_candidates": 0,
      "preliminary_eligible": 0,
      "preliminary": [],
      "audits": [],
      "finalist": null
    }
  ],
  "elapsed_seconds": 0.3578430410125293
}
