{
  "old_cost": 1832,
  "old_score": 17.486836454765925,
  "new_cost": 1828,
  "new_score": 17.489022247985904,
  "delta_score": 0.0021857932199793595,
  "estimated_total_from_7816_22": 7816.22218579322,
  "onnx_size": 8183,
  "zip_size": 868626
}