{
  "task": 275,
  "authority": "submission_base_8012.23.zip",
  "authority_cost": 428,
  "candidate": "scripts/golf/focus_task275_gold/task275_diag_color_cost413_351d0b2a8557.onnx",
  "candidate_sha256": "351d0b2a8557a9f726978e344e53f0275c13499ef6e805d601aa8a138236d3b5",
  "theoretical_candidate_cost": 413,
  "theoretical_gain": 0.035675602620763976,
  "transformation": "rank-3 T/W color maps -> exact learned diagonal D",
  "training": {
    "seed": 275413,
    "restarts": 1024,
    "steps": 6501,
    "best_step": 5800,
    "best_restart": 176,
    "reachable_pair_signed_cells": 100,
    "reachable_pair_minimum_signed_margin": 1.3981016874313354
  },
  "S": [
    [
      -2.126418113708496,
      -0.9426621198654175,
      -0.9396100044250488,
      -1.3073029518127441,
      -1.4388071298599243,
      -1.626916527748108,
      -2.0195963382720947,
      -1.783778429031372,
      -1.4902111291885376,
      -2.050912380218506
    ],
    [
      4.044229507446289,
      -0.7237239480018616,
      -0.10670614242553711,
      -1.4754102230072021,
      -1.3751643896102905,
      -0.2572758197784424,
      -1.0350288152694702,
      -0.6734834909439087,
      -0.11804966628551483,
      -0.5996348261833191
    ],
    [
      0.13269416987895966,
      -1.496847152709961,
      1.8053982257843018,
      -0.2100188434123993,
      1.863701343536377,
      0.7652220129966736,
      1.2332191467285156,
      0.4992740750312805,
      -0.4148823916912079,
      0.7496675848960876
    ]
  ],
  "D": [
    -0.5066208243370056,
    2.648414373397827,
    1.7312517166137695
  ]
}
