{
  "task": 275,
  "authority": "submission_base_8012.23.zip",
  "authority_cost": 428,
  "candidate": "scripts/golf/focus_task275_gold/task275_shared_row_scale_cost422_a4b0632352e8.onnx",
  "candidate_sha256": "a4b0632352e8ac5e31c8482db76f34000fd145d12048fe67a9145fe35c469f1e",
  "theoretical_candidate_cost": 422,
  "theoretical_gain": 0.014117881545785022,
  "transformation": "share T/W 3x3 map with learned 3-value W row scale",
  "training": {
    "seed": 277115,
    "restarts": 128,
    "steps": 4101,
    "best_step": 4100,
    "best_restart": 42,
    "reachable_quadruple_signed_cells": 1000,
    "reachable_quadruple_minimum_signed_margin": 0.4420504570007324,
    "predicted_raw_minimum_margin": 16981.810356140137
  },
  "S": [
    [
      -0.3875890076160431,
      0.491703063249588,
      2.084214448928833,
      0.8295401334762573,
      1.2168078422546387,
      0.24184225499629974,
      0.4029811918735504,
      0.7480176687240601,
      -0.41645291447639465,
      0.6770495772361755
    ],
    [
      -0.7357136607170105,
      -0.9020460247993469,
      -0.7725080251693726,
      -0.9171010255813599,
      -0.9171890616416931,
      0.643747866153717,
      0.18313342332839966,
      0.08968178182840347,
      2.492875099182129,
      0.08536043763160706
    ],
    [
      2.567810535430908,
      1.2411251068115234,
      -0.12056349217891693,
      0.7508988380432129,
      0.3829684853553772,
      1.4750899076461792,
      1.3327984809875488,
      1.4368977546691895,
      2.4306235313415527,
      1.3761329650878906
    ]
  ],
  "shared_matrix": [
    [
      -0.07129232585430145,
      1.2778974771499634,
      -0.45699232816696167
    ],
    [
      1.348007321357727,
      -2.487133741378784,
      1.694297432899475
    ],
    [
      2.106860637664795,
      -0.19820405542850494,
      -2.1937460899353027
    ]
  ],
  "row_scale": [
    -3.1073219776153564,
    0.7927857041358948,
    -0.18927429616451263
  ]
}
