{
  "task": 192,
  "kernel": "k4r",
  "background_features": "full",
  "fresh_training_examples": 500,
  "training_seeds": [
    79192401,
    79192402
  ],
  "variants": [
    {
      "path": "scripts/golf/loop_8004_42_plus20/agent_task192_retrain79/candidates/task192_fullbg_k4r_k4r_p0p0.onnx",
      "sha256": "c2e77d29be1823430ad595f5827a46d5d6162dc06d522cf66f3d445b313318e7",
      "kernel": "k4r",
      "background_features": "full",
      "count_power": 0.0,
      "known_weight": 100.0,
      "l2": 1e-05,
      "scale": 128.0,
      "background_fit": {
        "unique_patches": 43383,
        "dimension": 120,
        "loss": 0.6931471805599452,
        "known_bad_unique_patch_labels": 0,
        "fresh_weighted_cell_errors": 53.0,
        "weight_l2": 70.04112951536769,
        "bias": -22.022904758048814
      },
      "selected_fit": {
        "unique_patches": 6166,
        "dimension": 36,
        "loss": 0.6931471805599451,
        "known_bad_unique_patch_labels": 0,
        "fresh_weighted_cell_errors": 5.0,
        "weight_l2": 38.965776183631704,
        "bias": -20.513368652989872
      },
      "known": {
        "right": 265,
        "wrong": 0,
        "errors": 0,
        "total": 265,
        "accuracy": 1.0,
        "differing_elements": 0,
        "min_true": 190.853271484375,
        "max_false": -253.292236328125
      },
      "fresh_training": {
        "right": 445,
        "wrong": 55,
        "errors": 0,
        "total": 500,
        "accuracy": 0.89,
        "differing_elements": 58,
        "min_true": -1412.7489013671875,
        "max_false": 622.896240234375
      }
    },
    {
      "path": "scripts/golf/loop_8004_42_plus20/agent_task192_retrain79/candidates/task192_fullbg_k4r_k4r_p0p5.onnx",
      "sha256": "1f3fac42cfd0cd67db57adff677f207ffc79d5d4db81cdfe8e5ffd67c34f9a46",
      "kernel": "k4r",
      "background_features": "full",
      "count_power": 0.5,
      "known_weight": 100.0,
      "l2": 1e-05,
      "scale": 128.0,
      "background_fit": {
        "unique_patches": 43383,
        "dimension": 120,
        "loss": 0.6931471805599452,
        "known_bad_unique_patch_labels": 0,
        "fresh_weighted_cell_errors": 53.0,
        "weight_l2": 69.95482143388868,
        "bias": -22.010072923378218
      },
      "selected_fit": {
        "unique_patches": 6166,
        "dimension": 36,
        "loss": 0.6931471805599453,
        "known_bad_unique_patch_labels": 0,
        "fresh_weighted_cell_errors": 3.0,
        "weight_l2": 38.8138002833216,
        "bias": -20.415366296443423
      },
      "known": {
        "right": 265,
        "wrong": 0,
        "errors": 0,
        "total": 265,
        "accuracy": 1.0,
        "differing_elements": 0,
        "min_true": 190.160888671875,
        "max_false": -252.78466796875
      },
      "fresh_training": {
        "right": 447,
        "wrong": 53,
        "errors": 0,
        "total": 500,
        "accuracy": 0.894,
        "differing_elements": 56,
        "min_true": -1410.8094482421875,
        "max_false": 621.429443359375
      }
    }
  ]
}
