{
  "task": 192,
  "kernel": "k4t",
  "background_features": "full",
  "fresh_training_examples": 500,
  "training_seeds": [
    79192501,
    79192502
  ],
  "variants": [
    {
      "path": "scripts/golf/loop_8004_42_plus20/agent_task192_retrain79/candidates/task192_fullbg_k4t_k4t_p0p0.onnx",
      "sha256": "2113d3df4da027627c497fc4821367b5f97057e60085433dfbddd9e040f01294",
      "kernel": "k4t",
      "background_features": "full",
      "count_power": 0.0,
      "known_weight": 100.0,
      "l2": 1e-05,
      "scale": 128.0,
      "background_fit": {
        "unique_patches": 45136,
        "dimension": 120,
        "loss": 0.6931471805599452,
        "known_bad_unique_patch_labels": 0,
        "fresh_weighted_cell_errors": 44.0,
        "weight_l2": 72.62465595642205,
        "bias": -23.288366124692953
      },
      "selected_fit": {
        "unique_patches": 6307,
        "dimension": 36,
        "loss": 0.6931471805599454,
        "known_bad_unique_patch_labels": 0,
        "fresh_weighted_cell_errors": 2.0,
        "weight_l2": 37.51033233542974,
        "bias": -19.831622499962158
      },
      "known": {
        "right": 265,
        "wrong": 0,
        "errors": 0,
        "total": 265,
        "accuracy": 1.0,
        "differing_elements": 0,
        "min_true": 134.114990234375,
        "max_false": -278.12841796875
      },
      "fresh_training": {
        "right": 458,
        "wrong": 42,
        "errors": 0,
        "total": 500,
        "accuracy": 0.916,
        "differing_elements": 46,
        "min_true": -1407.2276611328125,
        "max_false": 433.038818359375
      }
    },
    {
      "path": "scripts/golf/loop_8004_42_plus20/agent_task192_retrain79/candidates/task192_fullbg_k4t_k4t_p0p5.onnx",
      "sha256": "7dbce18774c6d1fd19be3472517e5524b8e201bc30b28eb57225f9fd9a8ce139",
      "kernel": "k4t",
      "background_features": "full",
      "count_power": 0.5,
      "known_weight": 100.0,
      "l2": 1e-05,
      "scale": 128.0,
      "background_fit": {
        "unique_patches": 45136,
        "dimension": 120,
        "loss": 0.6931471805599453,
        "known_bad_unique_patch_labels": 0,
        "fresh_weighted_cell_errors": 44.0,
        "weight_l2": 72.50712026581128,
        "bias": -23.257473984951545
      },
      "selected_fit": {
        "unique_patches": 6307,
        "dimension": 36,
        "loss": 0.6931471805599454,
        "known_bad_unique_patch_labels": 0,
        "fresh_weighted_cell_errors": 3.0,
        "weight_l2": 37.36839828982854,
        "bias": -19.75632985903204
      },
      "known": {
        "right": 265,
        "wrong": 0,
        "errors": 0,
        "total": 265,
        "accuracy": 1.0,
        "differing_elements": 0,
        "min_true": 132.6845703125,
        "max_false": -277.41796875
      },
      "fresh_training": {
        "right": 457,
        "wrong": 43,
        "errors": 0,
        "total": 500,
        "accuracy": 0.914,
        "differing_elements": 47,
        "min_true": -1399.8828125,
        "max_false": 431.67822265625
      }
    }
  ]
}
