{
  "task": 192,
  "kernel": "k4t",
  "background_features": "full",
  "fresh_training_examples": 2000,
  "training_seeds": [
    79192701,
    79192702,
    79192703,
    79192704
  ],
  "variants": [
    {
      "path": "scripts/golf/loop_8004_42_plus20/agent_task192_retrain79/candidates/task192_large2k_k4t_k4t_p0p0.onnx",
      "sha256": "2a9c6225b1c93fbcfb7eb33a59bf3afad8f7941949f48bd2e000edfbbb5dba65",
      "kernel": "k4t",
      "background_features": "full",
      "count_power": 0.0,
      "known_weight": 100.0,
      "l2": 1e-05,
      "scale": 128.0,
      "background_fit": {
        "unique_patches": 87627,
        "dimension": 120,
        "loss": 0.6931471805599451,
        "known_bad_unique_patch_labels": 0,
        "fresh_weighted_cell_errors": 191.0,
        "weight_l2": 71.59328542210737,
        "bias": -21.568829844929624
      },
      "selected_fit": {
        "unique_patches": 8940,
        "dimension": 36,
        "loss": 0.6931471805599453,
        "known_bad_unique_patch_labels": 0,
        "fresh_weighted_cell_errors": 11.0,
        "weight_l2": 37.21547680658805,
        "bias": -19.389972932026858
      },
      "known": {
        "right": 265,
        "wrong": 0,
        "errors": 0,
        "total": 265,
        "accuracy": 1.0,
        "differing_elements": 0,
        "min_true": 82.484130859375,
        "max_false": -220.928466796875
      },
      "fresh_training": {
        "right": 1820,
        "wrong": 180,
        "errors": 0,
        "total": 2000,
        "accuracy": 0.91,
        "differing_elements": 202,
        "min_true": -1349.75927734375,
        "max_false": 941.936767578125
      }
    },
    {
      "path": "scripts/golf/loop_8004_42_plus20/agent_task192_retrain79/candidates/task192_large2k_k4t_k4t_p0p5.onnx",
      "sha256": "4b3b8537b11603f6873887ac38ea1a360a82b8ad8bc078f95e023f33987ebcad",
      "kernel": "k4t",
      "background_features": "full",
      "count_power": 0.5,
      "known_weight": 100.0,
      "l2": 1e-05,
      "scale": 128.0,
      "background_fit": {
        "unique_patches": 87627,
        "dimension": 120,
        "loss": 0.6931471805599453,
        "known_bad_unique_patch_labels": 0,
        "fresh_weighted_cell_errors": 191.0,
        "weight_l2": 71.29469153868422,
        "bias": -21.516948224766608
      },
      "selected_fit": {
        "unique_patches": 8940,
        "dimension": 36,
        "loss": 0.6931471805599453,
        "known_bad_unique_patch_labels": 0,
        "fresh_weighted_cell_errors": 12.0,
        "weight_l2": 37.02345204908997,
        "bias": -19.242283909605447
      },
      "known": {
        "right": 265,
        "wrong": 0,
        "errors": 0,
        "total": 265,
        "accuracy": 1.0,
        "differing_elements": 0,
        "min_true": 80.268310546875,
        "max_false": -219.002685546875
      },
      "fresh_training": {
        "right": 1820,
        "wrong": 180,
        "errors": 0,
        "total": 2000,
        "accuracy": 0.91,
        "differing_elements": 203,
        "min_true": -1353.018310546875,
        "max_false": 927.40771484375
      }
    },
    {
      "path": "scripts/golf/loop_8004_42_plus20/agent_task192_retrain79/candidates/task192_large2k_k4t_k4t_p1p0.onnx",
      "sha256": "e39ff91849e2ea58deb9e7aae3185631c4566c503f8b34eeadb0722300ae526c",
      "kernel": "k4t",
      "background_features": "full",
      "count_power": 1.0,
      "known_weight": 100.0,
      "l2": 1e-05,
      "scale": 128.0,
      "background_fit": {
        "unique_patches": 87627,
        "dimension": 120,
        "loss": 0.6931471805599453,
        "known_bad_unique_patch_labels": 0,
        "fresh_weighted_cell_errors": 197.0,
        "weight_l2": 62.779957840729814,
        "bias": -19.62500530208083
      },
      "selected_fit": {
        "unique_patches": 8940,
        "dimension": 36,
        "loss": 0.6931471805599452,
        "known_bad_unique_patch_labels": 0,
        "fresh_weighted_cell_errors": 11.0,
        "weight_l2": 27.758166007379288,
        "bias": -14.720732212627654
      },
      "known": {
        "right": 265,
        "wrong": 0,
        "errors": 0,
        "total": 265,
        "accuracy": 1.0,
        "differing_elements": 0,
        "min_true": 34.95751953125,
        "max_false": -190.604248046875
      },
      "fresh_training": {
        "right": 1814,
        "wrong": 186,
        "errors": 0,
        "total": 2000,
        "accuracy": 0.907,
        "differing_elements": 208,
        "min_true": -1379.044921875,
        "max_false": 704.7679443359375
      }
    }
  ]
}
