{
  "task": 192,
  "kernel": "k4l",
  "fresh_training_examples": 500,
  "training_seeds": [
    79192101,
    79192102
  ],
  "variants": [
    {
      "path": "scripts/golf/loop_8004_42_plus20/agent_task192_retrain79/candidates/task192_sym_a_k4l_p0p0.onnx",
      "sha256": "4ea1ab76972b02ce07d8b3a82aaeb27f02cf54c786070bad8df8d9fd9b52c62a",
      "kernel": "k4l",
      "count_power": 0.0,
      "known_weight": 10000.0,
      "l2": 1e-05,
      "scale": 128.0,
      "background_fit": {
        "unique_patches": 2266,
        "dimension": 24,
        "loss": 0.6931471805599453,
        "known_bad_unique_patch_labels": 8,
        "fresh_weighted_cell_errors": 32.0,
        "weight_l2": 57.38577838729289,
        "bias": -17.499416603326704
      },
      "selected_fit": {
        "unique_patches": 6308,
        "dimension": 36,
        "loss": 0.6931471805599454,
        "known_bad_unique_patch_labels": 0,
        "fresh_weighted_cell_errors": 5.0,
        "weight_l2": 36.439620978206655,
        "bias": -20.76669972248056
      },
      "known": {
        "right": 254,
        "wrong": 11,
        "errors": 0,
        "total": 265,
        "accuracy": 0.9584905660377359,
        "differing_elements": 11,
        "min_true": -349.0277099609375,
        "max_false": 160.23388671875
      },
      "fresh_training": {
        "right": 470,
        "wrong": 30,
        "errors": 0,
        "total": 500,
        "accuracy": 0.94,
        "differing_elements": 37,
        "min_true": -795.161865234375,
        "max_false": 457.6533203125
      }
    },
    {
      "path": "scripts/golf/loop_8004_42_plus20/agent_task192_retrain79/candidates/task192_sym_a_k4l_p0p25.onnx",
      "sha256": "da68d698649d5ced942e66efe20ff0178eb79d8569cdeff322925180ee818a1c",
      "kernel": "k4l",
      "count_power": 0.25,
      "known_weight": 10000.0,
      "l2": 1e-05,
      "scale": 128.0,
      "background_fit": {
        "unique_patches": 2266,
        "dimension": 24,
        "loss": 0.6931471805599454,
        "known_bad_unique_patch_labels": 8,
        "fresh_weighted_cell_errors": 32.0,
        "weight_l2": 57.38504450519467,
        "bias": -17.49782562290001
      },
      "selected_fit": {
        "unique_patches": 6308,
        "dimension": 36,
        "loss": 0.6931471805599454,
        "known_bad_unique_patch_labels": 0,
        "fresh_weighted_cell_errors": 5.0,
        "weight_l2": 36.439371048099694,
        "bias": -20.76599233342342
      },
      "known": {
        "right": 254,
        "wrong": 11,
        "errors": 0,
        "total": 265,
        "accuracy": 0.9584905660377359,
        "differing_elements": 11,
        "min_true": -349.0274658203125,
        "max_false": 160.236083984375
      },
      "fresh_training": {
        "right": 470,
        "wrong": 30,
        "errors": 0,
        "total": 500,
        "accuracy": 0.94,
        "differing_elements": 37,
        "min_true": -794.85791015625,
        "max_false": 457.594970703125
      }
    },
    {
      "path": "scripts/golf/loop_8004_42_plus20/agent_task192_retrain79/candidates/task192_sym_a_k4l_p0p5.onnx",
      "sha256": "af230eba156e61a38168642ca22b337a64648a832ac756a50c495076321f2fda",
      "kernel": "k4l",
      "count_power": 0.5,
      "known_weight": 10000.0,
      "l2": 1e-05,
      "scale": 128.0,
      "background_fit": {
        "unique_patches": 2266,
        "dimension": 24,
        "loss": 0.6931471805599454,
        "known_bad_unique_patch_labels": 8,
        "fresh_weighted_cell_errors": 32.0,
        "weight_l2": 57.38204108260659,
        "bias": -17.495212572985395
      },
      "selected_fit": {
        "unique_patches": 6308,
        "dimension": 36,
        "loss": 0.6931471805599454,
        "known_bad_unique_patch_labels": 0,
        "fresh_weighted_cell_errors": 5.0,
        "weight_l2": 36.43809375519843,
        "bias": -20.76447079026408
      },
      "known": {
        "right": 254,
        "wrong": 11,
        "errors": 0,
        "total": 265,
        "accuracy": 0.9584905660377359,
        "differing_elements": 11,
        "min_true": -349.0313720703125,
        "max_false": 160.24072265625
      },
      "fresh_training": {
        "right": 470,
        "wrong": 30,
        "errors": 0,
        "total": 500,
        "accuracy": 0.94,
        "differing_elements": 37,
        "min_true": -794.4334716796875,
        "max_false": 457.516845703125
      }
    },
    {
      "path": "scripts/golf/loop_8004_42_plus20/agent_task192_retrain79/candidates/task192_sym_a_k4l_p0p75.onnx",
      "sha256": "09ed6332de078c6a501b636130e83f34716e377cd5be33b7aa95df56dd84cdb4",
      "kernel": "k4l",
      "count_power": 0.75,
      "known_weight": 10000.0,
      "l2": 1e-05,
      "scale": 128.0,
      "background_fit": {
        "unique_patches": 2266,
        "dimension": 24,
        "loss": 0.6931471805599454,
        "known_bad_unique_patch_labels": 8,
        "fresh_weighted_cell_errors": 32.0,
        "weight_l2": 57.36253432716835,
        "bias": -17.48747016175342
      },
      "selected_fit": {
        "unique_patches": 6308,
        "dimension": 36,
        "loss": 0.6931471805599453,
        "known_bad_unique_patch_labels": 0,
        "fresh_weighted_cell_errors": 5.0,
        "weight_l2": 36.43216084425672,
        "bias": -20.76028458996027
      },
      "known": {
        "right": 254,
        "wrong": 11,
        "errors": 0,
        "total": 265,
        "accuracy": 0.9584905660377359,
        "differing_elements": 11,
        "min_true": -349.0054931640625,
        "max_false": 160.224365234375
      },
      "fresh_training": {
        "right": 470,
        "wrong": 30,
        "errors": 0,
        "total": 500,
        "accuracy": 0.94,
        "differing_elements": 37,
        "min_true": -793.66845703125,
        "max_false": 457.30908203125
      }
    },
    {
      "path": "scripts/golf/loop_8004_42_plus20/agent_task192_retrain79/candidates/task192_sym_a_k4l_p1p0.onnx",
      "sha256": "5a268f1ab9edf1ee395684c5a3659c620d318da09245290747a0d9ed94e717ee",
      "kernel": "k4l",
      "count_power": 1.0,
      "known_weight": 10000.0,
      "l2": 1e-05,
      "scale": 128.0,
      "background_fit": {
        "unique_patches": 2266,
        "dimension": 24,
        "loss": 0.6931471805599454,
        "known_bad_unique_patch_labels": 8,
        "fresh_weighted_cell_errors": 32.0,
        "weight_l2": 57.133314553397916,
        "bias": -17.418322596023543
      },
      "selected_fit": {
        "unique_patches": 6308,
        "dimension": 36,
        "loss": 0.6931471805599454,
        "known_bad_unique_patch_labels": 0,
        "fresh_weighted_cell_errors": 5.0,
        "weight_l2": 36.37242536987334,
        "bias": -20.724892534999537
      },
      "known": {
        "right": 254,
        "wrong": 11,
        "errors": 0,
        "total": 265,
        "accuracy": 0.9584905660377359,
        "differing_elements": 11,
        "min_true": -348.389404296875,
        "max_false": 159.781494140625
      },
      "fresh_training": {
        "right": 470,
        "wrong": 30,
        "errors": 0,
        "total": 500,
        "accuracy": 0.94,
        "differing_elements": 37,
        "min_true": -789.9588623046875,
        "max_false": 456.17626953125
      }
    }
  ]
}
