{
  "task": 192,
  "kernel": "k4l",
  "background_features": "full",
  "fresh_training_examples": 500,
  "training_seeds": [
    79192201,
    79192202
  ],
  "variants": [
    {
      "path": "scripts/golf/loop_8004_42_plus20/agent_task192_retrain79/candidates/task192_fullbg_a_k4l_p0p0.onnx",
      "sha256": "dbfcd9fe2d3c4bc3414d12b4da3d903704aab7ba19770212084819399cafaa7d",
      "kernel": "k4l",
      "background_features": "full",
      "count_power": 0.0,
      "known_weight": 10000.0,
      "l2": 1e-05,
      "scale": 128.0,
      "background_fit": {
        "unique_patches": 44961,
        "dimension": 120,
        "loss": 0.6931471805599454,
        "known_bad_unique_patch_labels": 0,
        "fresh_weighted_cell_errors": 59.0,
        "weight_l2": 71.65916313788993,
        "bias": -23.499753994914474
      },
      "selected_fit": {
        "unique_patches": 6351,
        "dimension": 36,
        "loss": 0.6931471805599455,
        "known_bad_unique_patch_labels": 0,
        "fresh_weighted_cell_errors": 9.0,
        "weight_l2": 36.436864430074955,
        "bias": -20.762932243433184
      },
      "known": {
        "right": 265,
        "wrong": 0,
        "errors": 0,
        "total": 265,
        "accuracy": 1.0,
        "differing_elements": 0,
        "min_true": 203.626220703125,
        "max_false": -273.951904296875
      },
      "fresh_training": {
        "right": 447,
        "wrong": 53,
        "errors": 0,
        "total": 500,
        "accuracy": 0.894,
        "differing_elements": 68,
        "min_true": -2162.621337890625,
        "max_false": 674.57470703125
      }
    },
    {
      "path": "scripts/golf/loop_8004_42_plus20/agent_task192_retrain79/candidates/task192_fullbg_a_k4l_p0p25.onnx",
      "sha256": "e12926a1021584dcae0384915c7161d0331987a9ed543db89e9a09bea0cc9c4b",
      "kernel": "k4l",
      "background_features": "full",
      "count_power": 0.25,
      "known_weight": 10000.0,
      "l2": 1e-05,
      "scale": 128.0,
      "background_fit": {
        "unique_patches": 44961,
        "dimension": 120,
        "loss": 0.6931471805599454,
        "known_bad_unique_patch_labels": 0,
        "fresh_weighted_cell_errors": 59.0,
        "weight_l2": 71.65882975608224,
        "bias": -23.499657250166443
      },
      "selected_fit": {
        "unique_patches": 6351,
        "dimension": 36,
        "loss": 0.6931471805599454,
        "known_bad_unique_patch_labels": 0,
        "fresh_weighted_cell_errors": 9.0,
        "weight_l2": 36.43654710827633,
        "bias": -20.76262031439117
      },
      "known": {
        "right": 265,
        "wrong": 0,
        "errors": 0,
        "total": 265,
        "accuracy": 1.0,
        "differing_elements": 0,
        "min_true": 203.623779296875,
        "max_false": -273.955810546875
      },
      "fresh_training": {
        "right": 447,
        "wrong": 53,
        "errors": 0,
        "total": 500,
        "accuracy": 0.894,
        "differing_elements": 68,
        "min_true": -2162.5908203125,
        "max_false": 674.568359375
      }
    },
    {
      "path": "scripts/golf/loop_8004_42_plus20/agent_task192_retrain79/candidates/task192_fullbg_a_k4l_p0p5.onnx",
      "sha256": "95264a195d0e361a3d0b38f29e64cc5d9ca82bcc4d1abe2820e5f425dab995c5",
      "kernel": "k4l",
      "background_features": "full",
      "count_power": 0.5,
      "known_weight": 10000.0,
      "l2": 1e-05,
      "scale": 128.0,
      "background_fit": {
        "unique_patches": 44961,
        "dimension": 120,
        "loss": 0.6931471805599456,
        "known_bad_unique_patch_labels": 0,
        "fresh_weighted_cell_errors": 59.0,
        "weight_l2": 71.65816372937631,
        "bias": -23.499708691518595
      },
      "selected_fit": {
        "unique_patches": 6351,
        "dimension": 36,
        "loss": 0.6931471805599453,
        "known_bad_unique_patch_labels": 0,
        "fresh_weighted_cell_errors": 9.0,
        "weight_l2": 36.43539213867375,
        "bias": -20.761790782073643
      },
      "known": {
        "right": 265,
        "wrong": 0,
        "errors": 0,
        "total": 265,
        "accuracy": 1.0,
        "differing_elements": 0,
        "min_true": 203.6201171875,
        "max_false": -273.96142578125
      },
      "fresh_training": {
        "right": 447,
        "wrong": 53,
        "errors": 0,
        "total": 500,
        "accuracy": 0.894,
        "differing_elements": 68,
        "min_true": -2162.517578125,
        "max_false": 674.5478515625
      }
    },
    {
      "path": "scripts/golf/loop_8004_42_plus20/agent_task192_retrain79/candidates/task192_fullbg_a_k4l_p0p75.onnx",
      "sha256": "184355bedf9a62af0b955d9a38ae15dd32b95e0998184d8596f534a193cf717d",
      "kernel": "k4l",
      "background_features": "full",
      "count_power": 0.75,
      "known_weight": 10000.0,
      "l2": 1e-05,
      "scale": 128.0,
      "background_fit": {
        "unique_patches": 44961,
        "dimension": 120,
        "loss": 0.6931471805599453,
        "known_bad_unique_patch_labels": 0,
        "fresh_weighted_cell_errors": 59.0,
        "weight_l2": 71.65535362746101,
        "bias": -23.499097211241317
      },
      "selected_fit": {
        "unique_patches": 6351,
        "dimension": 36,
        "loss": 0.6931471805599453,
        "known_bad_unique_patch_labels": 0,
        "fresh_weighted_cell_errors": 9.0,
        "weight_l2": 36.42961697690148,
        "bias": -20.7582115541804
      },
      "known": {
        "right": 265,
        "wrong": 0,
        "errors": 0,
        "total": 265,
        "accuracy": 1.0,
        "differing_elements": 0,
        "min_true": 203.6044921875,
        "max_false": -273.96044921875
      },
      "fresh_training": {
        "right": 447,
        "wrong": 53,
        "errors": 0,
        "total": 500,
        "accuracy": 0.894,
        "differing_elements": 68,
        "min_true": -2162.375,
        "max_false": 674.448974609375
      }
    },
    {
      "path": "scripts/golf/loop_8004_42_plus20/agent_task192_retrain79/candidates/task192_fullbg_a_k4l_p1p0.onnx",
      "sha256": "379096c371cd82ca29d67e85864c02bc224dc69e8070639759a241b9ccecde27",
      "kernel": "k4l",
      "background_features": "full",
      "count_power": 1.0,
      "known_weight": 10000.0,
      "l2": 1e-05,
      "scale": 128.0,
      "background_fit": {
        "unique_patches": 44961,
        "dimension": 120,
        "loss": 0.6931471805599453,
        "known_bad_unique_patch_labels": 0,
        "fresh_weighted_cell_errors": 59.0,
        "weight_l2": 71.6289634876359,
        "bias": -23.491240674472145
      },
      "selected_fit": {
        "unique_patches": 6351,
        "dimension": 36,
        "loss": 0.6931471805599454,
        "known_bad_unique_patch_labels": 0,
        "fresh_weighted_cell_errors": 9.0,
        "weight_l2": 36.369945680377086,
        "bias": -20.723649252701062
      },
      "known": {
        "right": 265,
        "wrong": 0,
        "errors": 0,
        "total": 265,
        "accuracy": 1.0,
        "differing_elements": 0,
        "min_true": 203.42919921875,
        "max_false": -273.843017578125
      },
      "fresh_training": {
        "right": 447,
        "wrong": 53,
        "errors": 0,
        "total": 500,
        "accuracy": 0.894,
        "differing_elements": 68,
        "min_true": -2161.5263671875,
        "max_false": 673.349609375
      }
    }
  ]
}
