{
  "task": 192,
  "kernel": "k4l",
  "background_features": "full",
  "fresh_training_examples": 2000,
  "training_seeds": [
    79192601,
    79192602,
    79192603,
    79192604
  ],
  "variants": [
    {
      "path": "scripts/golf/loop_8004_42_plus20/agent_task192_retrain79/candidates/task192_large2k_k4l_k4l_p0p0.onnx",
      "sha256": "57920f7f6a8f3f015d742f4e60e0a7105a781d3e412fd29edbf68f97bd44d551",
      "kernel": "k4l",
      "background_features": "full",
      "count_power": 0.0,
      "known_weight": 100.0,
      "l2": 1e-05,
      "scale": 128.0,
      "background_fit": {
        "unique_patches": 88229,
        "dimension": 120,
        "loss": 0.6931471805599452,
        "known_bad_unique_patch_labels": 0,
        "fresh_weighted_cell_errors": 190.0,
        "weight_l2": 70.66100634330675,
        "bias": -21.31347673995477
      },
      "selected_fit": {
        "unique_patches": 8996,
        "dimension": 36,
        "loss": 0.6931471805599455,
        "known_bad_unique_patch_labels": 0,
        "fresh_weighted_cell_errors": 7.0,
        "weight_l2": 36.6515381896162,
        "bias": -19.920672602577064
      },
      "known": {
        "right": 265,
        "wrong": 0,
        "errors": 0,
        "total": 265,
        "accuracy": 1.0,
        "differing_elements": 0,
        "min_true": 158.480224609375,
        "max_false": -251.921875
      },
      "fresh_training": {
        "right": 1824,
        "wrong": 176,
        "errors": 0,
        "total": 2000,
        "accuracy": 0.912,
        "differing_elements": 197,
        "min_true": -1845.85009765625,
        "max_false": 808.56884765625
      }
    },
    {
      "path": "scripts/golf/loop_8004_42_plus20/agent_task192_retrain79/candidates/task192_large2k_k4l_k4l_p0p5.onnx",
      "sha256": "54f1b71527781ef495bfdb78b58113949d8209bc57d46f568e38bba4f0b98d63",
      "kernel": "k4l",
      "background_features": "full",
      "count_power": 0.5,
      "known_weight": 100.0,
      "l2": 1e-05,
      "scale": 128.0,
      "background_fit": {
        "unique_patches": 88229,
        "dimension": 120,
        "loss": 0.6931471805599454,
        "known_bad_unique_patch_labels": 0,
        "fresh_weighted_cell_errors": 191.0,
        "weight_l2": 70.40506700721457,
        "bias": -21.28533523409858
      },
      "selected_fit": {
        "unique_patches": 8996,
        "dimension": 36,
        "loss": 0.6931471805599453,
        "known_bad_unique_patch_labels": 0,
        "fresh_weighted_cell_errors": 7.0,
        "weight_l2": 36.44733965937898,
        "bias": -19.725252926761613
      },
      "known": {
        "right": 265,
        "wrong": 0,
        "errors": 0,
        "total": 265,
        "accuracy": 1.0,
        "differing_elements": 0,
        "min_true": 156.49951171875,
        "max_false": -249.8466796875
      },
      "fresh_training": {
        "right": 1823,
        "wrong": 177,
        "errors": 0,
        "total": 2000,
        "accuracy": 0.9115,
        "differing_elements": 198,
        "min_true": -1836.7716064453125,
        "max_false": 804.448486328125
      }
    },
    {
      "path": "scripts/golf/loop_8004_42_plus20/agent_task192_retrain79/candidates/task192_large2k_k4l_k4l_p1p0.onnx",
      "sha256": "30521cf929d312fc71e383f1d4480f088f97588aee918577a45c173cb5f0d9f1",
      "kernel": "k4l",
      "background_features": "full",
      "count_power": 1.0,
      "known_weight": 100.0,
      "l2": 1e-05,
      "scale": 128.0,
      "background_fit": {
        "unique_patches": 88229,
        "dimension": 120,
        "loss": 0.6931471805599454,
        "known_bad_unique_patch_labels": 0,
        "fresh_weighted_cell_errors": 201.0,
        "weight_l2": 62.33702687549442,
        "bias": -19.5952220697641
      },
      "selected_fit": {
        "unique_patches": 8996,
        "dimension": 36,
        "loss": 0.6931471805599453,
        "known_bad_unique_patch_labels": 0,
        "fresh_weighted_cell_errors": 7.0,
        "weight_l2": 27.376443466087387,
        "bias": -15.126122107285791
      },
      "known": {
        "right": 265,
        "wrong": 0,
        "errors": 0,
        "total": 265,
        "accuracy": 1.0,
        "differing_elements": 0,
        "min_true": 115.526611328125,
        "max_false": -216.6435546875
      },
      "fresh_training": {
        "right": 1814,
        "wrong": 186,
        "errors": 0,
        "total": 2000,
        "accuracy": 0.907,
        "differing_elements": 208,
        "min_true": -1680.3009033203125,
        "max_false": 710.5751953125
      }
    }
  ]
}
