{
  "task": 192,
  "kernel": "k4l",
  "background_features": "full",
  "fresh_training_examples": 500,
  "training_seeds": [
    79192301,
    79192302
  ],
  "variants": [
    {
      "path": "scripts/golf/loop_8004_42_plus20/agent_task192_retrain79/candidates/task192_fullbg_kw100_k4l_p0p0.onnx",
      "sha256": "f976b5c8ac6b360a397d55444346dd6cc5f5c2435a06c6bc6c419b3d99cc1c7c",
      "kernel": "k4l",
      "background_features": "full",
      "count_power": 0.0,
      "known_weight": 100.0,
      "l2": 1e-05,
      "scale": 128.0,
      "background_fit": {
        "unique_patches": 44884,
        "dimension": 120,
        "loss": 0.6931471805599453,
        "known_bad_unique_patch_labels": 0,
        "fresh_weighted_cell_errors": 56.0,
        "weight_l2": 70.78906681950258,
        "bias": -22.82921774755687
      },
      "selected_fit": {
        "unique_patches": 6381,
        "dimension": 36,
        "loss": 0.6931471805599454,
        "known_bad_unique_patch_labels": 0,
        "fresh_weighted_cell_errors": 5.0,
        "weight_l2": 36.48230755640032,
        "bias": -20.337028949372186
      },
      "known": {
        "right": 265,
        "wrong": 0,
        "errors": 0,
        "total": 265,
        "accuracy": 1.0,
        "differing_elements": 0,
        "min_true": 181.413818359375,
        "max_false": -270.2607421875
      },
      "fresh_training": {
        "right": 447,
        "wrong": 53,
        "errors": 0,
        "total": 500,
        "accuracy": 0.894,
        "differing_elements": 61,
        "min_true": -1661.7344970703125,
        "max_false": 745.6357421875
      }
    },
    {
      "path": "scripts/golf/loop_8004_42_plus20/agent_task192_retrain79/candidates/task192_fullbg_kw100_k4l_p0p5.onnx",
      "sha256": "93a8fe0e556728947ec05386e8644dd13a12504cfd2c3cd9d61cc4b9e630ec67",
      "kernel": "k4l",
      "background_features": "full",
      "count_power": 0.5,
      "known_weight": 100.0,
      "l2": 1e-05,
      "scale": 128.0,
      "background_fit": {
        "unique_patches": 44884,
        "dimension": 120,
        "loss": 0.6931471805599452,
        "known_bad_unique_patch_labels": 0,
        "fresh_weighted_cell_errors": 56.0,
        "weight_l2": 70.69313726658929,
        "bias": -22.81350453370237
      },
      "selected_fit": {
        "unique_patches": 6381,
        "dimension": 36,
        "loss": 0.6931471805599453,
        "known_bad_unique_patch_labels": 0,
        "fresh_weighted_cell_errors": 5.0,
        "weight_l2": 36.35508949824622,
        "bias": -20.246463012340712
      },
      "known": {
        "right": 265,
        "wrong": 0,
        "errors": 0,
        "total": 265,
        "accuracy": 1.0,
        "differing_elements": 0,
        "min_true": 180.5341796875,
        "max_false": -270.663818359375
      },
      "fresh_training": {
        "right": 447,
        "wrong": 53,
        "errors": 0,
        "total": 500,
        "accuracy": 0.894,
        "differing_elements": 61,
        "min_true": -1657.7265625,
        "max_false": 745.424560546875
      }
    },
    {
      "path": "scripts/golf/loop_8004_42_plus20/agent_task192_retrain79/candidates/task192_fullbg_kw100_k4l_p1p0.onnx",
      "sha256": "5f323324f414bf1ea75294f6c8b53089b4dac9e90ae4af0e012499955952cba4",
      "kernel": "k4l",
      "background_features": "full",
      "count_power": 1.0,
      "known_weight": 100.0,
      "l2": 1e-05,
      "scale": 128.0,
      "background_fit": {
        "unique_patches": 44884,
        "dimension": 120,
        "loss": 0.6931471805599454,
        "known_bad_unique_patch_labels": 0,
        "fresh_weighted_cell_errors": 57.0,
        "weight_l2": 68.1590208866742,
        "bias": -22.151785648046623
      },
      "selected_fit": {
        "unique_patches": 6381,
        "dimension": 36,
        "loss": 0.6931471805599453,
        "known_bad_unique_patch_labels": 0,
        "fresh_weighted_cell_errors": 5.0,
        "weight_l2": 32.061113626962715,
        "bias": -17.913475378587645
      },
      "known": {
        "right": 265,
        "wrong": 0,
        "errors": 0,
        "total": 265,
        "accuracy": 1.0,
        "differing_elements": 0,
        "min_true": 166.0,
        "max_false": -259.64111328125
      },
      "fresh_training": {
        "right": 447,
        "wrong": 53,
        "errors": 0,
        "total": 500,
        "accuracy": 0.894,
        "differing_elements": 62,
        "min_true": -1624.8944091796875,
        "max_false": 725.55224609375
      }
    }
  ]
}
