{
  "seed": 192426001,
  "cases": 1000,
  "rank": 7,
  "current_threshold": 0.05356812849640846,
  "current_case_errors_exact_argmax": 34,
  "positive_count": 105739,
  "negative_count": 210225,
  "positive_ratio_min": 0.01740536318087736,
  "negative_ratio_max": 0.11493330986454402,
  "strict_gap": -0.09752794668366666,
  "separable_by_threshold": false,
  "invalid_inside_base_cells": 0,
  "kernel_frobenius_vs_radius1": 8.313360036509962
}
