{
  "path": "scripts/golf/focus_task192_gold/candidates/task192_rank8_gap_exact_argmax.onnx",
  "sha256": "06925550d7425bd49272f1d8e519e5a3cd69e06293c1b546bcde2e9dbb0e94bd",
  "threshold": 0.0446992963552475,
  "training_gap": 0.0030988790094852448,
  "profile": {
    "memory": 168,
    "params": 274,
    "cost": 442
  }
}
