{
  "source_min_true_retained": {
    "value": 7.316870026530253e-11,
    "source": "scripts/golf/loop_7999_13/lane_b26/winner_manifest.json",
    "same_sha256": "4d0fc5264833fbf46609fde690ad8635e208a2cec381e749b5707ef828866cb2"
  },
  "source_high_witness": {
    "orbit_case": 25,
    "size": 8,
    "corners": [
      [
        0,
        0
      ],
      [
        7,
        7
      ]
    ],
    "colors": [
      1,
      2
    ],
    "source_max_abs": 1.4418113088011285e+34
  },
  "scale2p14_low_seed_cases": [
    {
      "meta": {
        "seed": 328260000,
        "case": 1
      },
      "scale2p14": {
        "disable_all_threads1": {
          "correct": false,
          "nonfinite_values": 0,
          "min_true": 40.42990493774414,
          "true_below_0_25": 0,
          "true_below_1": 0,
          "false_positive": 8,
          "max_false": 3.486108048589377e+20,
          "max_abs_finite": 1.423201875729227e+38
        },
        "disable_all_threads4": {
          "correct": false,
          "nonfinite_values": 0,
          "min_true": 40.42990493774414,
          "true_below_0_25": 0,
          "true_below_1": 0,
          "false_positive": 8,
          "max_false": 3.486108048589377e+20,
          "max_abs_finite": 1.423201875729227e+38
        },
        "default_threads1": {
          "correct": false,
          "nonfinite_values": 0,
          "min_true": 40.42990493774414,
          "true_below_0_25": 0,
          "true_below_1": 0,
          "false_positive": 8,
          "max_false": 3.486108048589377e+20,
          "max_abs_finite": 1.423201875729227e+38
        },
        "default_threads4": {
          "correct": false,
          "nonfinite_values": 0,
          "min_true": 40.42990493774414,
          "true_below_0_25": 0,
          "true_below_1": 0,
          "false_positive": 8,
          "max_false": 3.486108048589377e+20,
          "max_abs_finite": 1.423201875729227e+38
        }
      }
    },
    {
      "meta": {
        "seed": 328260000,
        "case": 2
      },
      "scale2p14": {
        "disable_all_threads1": {
          "correct": false,
          "nonfinite_values": 0,
          "min_true": 40.42990493774414,
          "true_below_0_25": 0,
          "true_below_1": 0,
          "false_positive": 8,
          "max_false": 3.486108048589377e+20,
          "max_abs_finite": 1.423201875729227e+38
        },
        "disable_all_threads4": {
          "correct": false,
          "nonfinite_values": 0,
          "min_true": 40.42990493774414,
          "true_below_0_25": 0,
          "true_below_1": 0,
          "false_positive": 8,
          "max_false": 3.486108048589377e+20,
          "max_abs_finite": 1.423201875729227e+38
        },
        "default_threads1": {
          "correct": false,
          "nonfinite_values": 0,
          "min_true": 40.42990493774414,
          "true_below_0_25": 0,
          "true_below_1": 0,
          "false_positive": 8,
          "max_false": 3.486108048589377e+20,
          "max_abs_finite": 1.423201875729227e+38
        },
        "default_threads4": {
          "correct": false,
          "nonfinite_values": 0,
          "min_true": 40.42990493774414,
          "true_below_0_25": 0,
          "true_below_1": 0,
          "false_positive": 8,
          "max_false": 3.486108048589377e+20,
          "max_abs_finite": 1.423201875729227e+38
        }
      }
    },
    {
      "meta": {
        "seed": 328260000,
        "case": 3
      },
      "scale2p14": {
        "disable_all_threads1": {
          "correct": false,
          "nonfinite_values": 0,
          "min_true": -8.398525539130241e+29,
          "true_below_0_25": 7,
          "true_below_1": 7,
          "false_positive": 0,
          "max_false": 0.0,
          "max_abs_finite": 1.4232329078159206e+38
        },
        "disable_all_threads4": {
          "correct": false,
          "nonfinite_values": 0,
          "min_true": -8.398525539130241e+29,
          "true_below_0_25": 7,
          "true_below_1": 7,
          "false_positive": 0,
          "max_false": 0.0,
          "max_abs_finite": 1.4232329078159206e+38
        },
        "default_threads1": {
          "correct": false,
          "nonfinite_values": 0,
          "min_true": -8.398525539130241e+29,
          "true_below_0_25": 7,
          "true_below_1": 7,
          "false_positive": 0,
          "max_false": 0.0,
          "max_abs_finite": 1.4232329078159206e+38
        },
        "default_threads4": {
          "correct": false,
          "nonfinite_values": 0,
          "min_true": -8.398525539130241e+29,
          "true_below_0_25": 7,
          "true_below_1": 7,
          "false_positive": 0,
          "max_false": 0.0,
          "max_abs_finite": 1.4232329078159206e+38
        }
      }
    },
    {
      "meta": {
        "seed": 328260000,
        "case": 4
      },
      "scale2p14": {
        "disable_all_threads1": {
          "correct": false,
          "nonfinite_values": 0,
          "min_true": -27406396030976.0,
          "true_below_0_25": 1,
          "true_below_1": 1,
          "false_positive": 0,
          "max_false": 0.0,
          "max_abs_finite": 1.423201165844891e+38
        },
        "disable_all_threads4": {
          "correct": false,
          "nonfinite_values": 0,
          "min_true": -27406396030976.0,
          "true_below_0_25": 1,
          "true_below_1": 1,
          "false_positive": 0,
          "max_false": 0.0,
          "max_abs_finite": 1.423201165844891e+38
        },
        "default_threads1": {
          "correct": false,
          "nonfinite_values": 0,
          "min_true": -27406396030976.0,
          "true_below_0_25": 1,
          "true_below_1": 1,
          "false_positive": 0,
          "max_false": 0.0,
          "max_abs_finite": 1.423201165844891e+38
        },
        "default_threads4": {
          "correct": false,
          "nonfinite_values": 0,
          "min_true": -27406396030976.0,
          "true_below_0_25": 1,
          "true_below_1": 1,
          "false_positive": 0,
          "max_false": 0.0,
          "max_abs_finite": 1.423201165844891e+38
        }
      }
    }
  ],
  "scale2p32_high_witness": {
    "meta": {
      "orbit_case": 25,
      "size": 8,
      "corners": [
        [
          0,
          0
        ],
        [
          7,
          7
        ]
      ],
      "colors": [
        1,
        2
      ],
      "source_max_abs": 1.4418113088011285e+34
    },
    "configs": {
      "disable_all_threads1": {
        "correct": false,
        "nonfinite_values": 0,
        "min_true": -7.11446171572685e+31,
        "true_below_0_25": 28,
        "true_below_1": 28,
        "false_positive": 28,
        "max_false": 7.11446171572685e+31,
        "max_abs_finite": 7.11446171572685e+31
      },
      "disable_all_threads4": {
        "correct": false,
        "nonfinite_values": 0,
        "min_true": -7.11446171572685e+31,
        "true_below_0_25": 28,
        "true_below_1": 28,
        "false_positive": 28,
        "max_false": 7.11446171572685e+31,
        "max_abs_finite": 7.11446171572685e+31
      },
      "default_threads1": {
        "correct": false,
        "nonfinite_values": 0,
        "min_true": -7.11446171572685e+31,
        "true_below_0_25": 28,
        "true_below_1": 28,
        "false_positive": 28,
        "max_false": 7.11446171572685e+31,
        "max_abs_finite": 7.11446171572685e+31
      },
      "default_threads4": {
        "correct": false,
        "nonfinite_values": 0,
        "min_true": -7.11446171572685e+31,
        "true_below_0_25": 28,
        "true_below_1": 28,
        "false_positive": 28,
        "max_false": 7.11446171572685e+31,
        "max_abs_finite": 7.11446171572685e+31
      }
    }
  }
}
