{
  "variant": {
    "name": "p2_shared_full",
    "color_rank": 4,
    "spatial_rank": 4,
    "local": "shared_full"
  },
  "found": false,
  "best_total_mismatch": 10204,
  "best": {
    "restart": 0,
    "epoch": 7,
    "valid": [
      7265,
      -4604.07568359375,
      1803.126708984375
    ],
    "guard": [
      2939,
      -4606.14892578125,
      1791.9635009765625
    ],
    "cost": 188
  },
  "candidate": "scripts/golf/loop_8004_42_plus20/agent_task344_deep110/candidates/task344_p2_shared_full.onnx"
}
