{
  "variant": {
    "name": "p2_b3_split_full",
    "color_rank": 4,
    "spatial_rank": 3,
    "local": "split_full"
  },
  "found": false,
  "best_total_mismatch": 371,
  "best": {
    "restart": 1,
    "epoch": 63,
    "valid": [
      304,
      -183.3954620361328,
      181.75277709960938
    ],
    "guard": [
      67,
      -54.89789581298828,
      95.80162048339844
    ],
    "cost": 170
  },
  "candidate": "scripts/golf/loop_8004_42_plus20/agent_task344_deep110/candidates/task344_p2_b3_split_full.onnx"
}
