{
  "variant": {
    "name": "p2_split_diag",
    "color_rank": 4,
    "spatial_rank": 4,
    "local": "split_diag"
  },
  "found": false,
  "best_total_mismatch": 23876,
  "best": {
    "restart": 0,
    "epoch": 37,
    "valid": [
      16892,
      -500.28143310546875,
      1461.183349609375
    ],
    "guard": [
      6984,
      -491.7273864746094,
      1355.7557373046875
    ],
    "cost": 188
  },
  "candidate": "scripts/golf/loop_8004_42_plus20/agent_task344_deep110/candidates/task344_p2_split_diag.onnx"
}
