{
  "variant": {
    "name": "p2_rank3_split_full",
    "color_rank": 3,
    "spatial_rank": 4,
    "local": "split_full"
  },
  "found": false,
  "best_total_mismatch": 37978,
  "best": {
    "restart": 0,
    "epoch": 40,
    "valid": [
      27152,
      -51.35745620727539,
      107.68539428710938
    ],
    "guard": [
      10826,
      -22.38565444946289,
      102.005126953125
    ],
    "cost": 177
  },
  "candidate": "scripts/golf/loop_8004_42_plus20/agent_task344_deep110/candidates/task344_p2_rank3_split_full.onnx"
}
