{
  "variant": {
    "name": "p2_split_none",
    "color_rank": 4,
    "spatial_rank": 4,
    "local": "split_none"
  },
  "found": false,
  "best_total_mismatch": 3332,
  "best": {
    "restart": 0,
    "epoch": 29,
    "valid": [
      2392,
      -46.17119598388672,
      63.96554946899414
    ],
    "guard": [
      940,
      -46.78947448730469,
      56.40031051635742
    ],
    "cost": 184
  },
  "candidate": "scripts/golf/loop_8004_42_plus20/agent_task344_deep110/candidates/task344_p2_split_none.onnx"
}
