{
  "lane": "agent_task344_rebase_171",
  "verdict": "PROBE_ONLY",
  "winner": null,
  "probe_candidate": {
    "path": "scripts/golf/loop_8004_42_plus20/agent_task344_rebase_171/candidates/task344_compact_g_cost132.onnx",
    "sha256": "c5272a42bee419008a15d14bea734a6fb15956a863ad8e702deac0f02fcea5f6",
    "serialized_bytes": 1203,
    "cost": {
      "memory": 0,
      "params": 132,
      "cost": 132
    },
    "strict_lower": true,
    "score": 20.11719807741363,
    "gain": 0.037179003241753605
  },
  "authority_cost": 137,
  "winner_cost": null,
  "potential_score_gain": 0.037179003241753605,
  "root_modified": false
}
